codigo_barras,nombre,descripcion,categoria,unidad_medida,es_granel,precio_venta,precio_compra,stock_inicial
3229820782560,"Muesli Superfruits Raisins, cassis, cranberry, myrtille",Mélange biologique de céréales et de fruits,Mueslis aux fruits,pieza,0,37.5,26.25,89
5449000000996,Coca-Cola,,"Colas, pt:bebidas cafeína",pieza,0,0.99,0.69,42
3159470000120,CORN FLAKES,,Corn flakes,pieza,0,50.0,35.0,86
7622300441937,Queso crema Philadelphia original,,"Cheese spreads, Cream cheeses",pieza,0,15.0,10.5,57
8000500267035,Kinder Delice paquete individual,Pastelito con Cobertura a Base de Cacao con Relleno a Base de Leche,"en:Filled cakes, en:Chocolate soft cake",pieza,0,3.9,2.73,31
8410300349051,Caldo casero de pollo,,"Sopas, en:Liquid chicken broths",pieza,0,0.03,0.02,31
5050083739811,Spécial k,"Pétales de riz, blé complet et orge enrichis en vitamines et en minéraux","Pétales multicéréales, Nutriscort",pieza,0,75.0,52.5,36
8410376010701,Zero sin azúcares María,Galletas María sin azúcar,"Botanas, en:Galletas, en:Galletas María",pieza,0,140.0,98.0,29
0096619483556,organic GREEK YOGURT plain,,Greek-style yogurts,pieza,0,0.14,0.1,43
7622300744663,Original,Biscotti al cacao magro ripieni di crema (29 %) al gusto vaniglia,Biscotti al cacao ripieni di crema,pieza,0,22.0,15.4,25
3560070060252,Mozzarella,,"Pasteurized cheeses, Cow mozzarella",pieza,0,22.0,15.4,97
0894700010137,Greek Yogurt Nonfat Plain,Greek Yogurt,Greek-style yogurts,pieza,0,25.0,17.5,48
0633148100013,Tajín Clásico,,"en:Herbs and spices, en:Alimentos de origen vegetal, en:Alimentos y bebidas de origen vegetal, en:Condimentos, en:Especias, en:Groceries, en:Mexican Dinner Mixes, en:Mezcla de especias, en:Salsas, en:Salsas de chiles",pieza,0,14.2,9.94,82
8412600029343,Pan de molde 100% natural integral,,Wholemeal sliced breads,pieza,0,112.5,78.75,52
8076809523738,Collezione Lasagne Bolognesi,Lasagne Sheets,"Lasagna sheets, Dry durum wheat pasta",pieza,0,50.0,35.0,37
0072250037129,100% Whole Wheat Bread,,"Sliced breads, Wheat breads",pieza,0,2.0,1.4,100
0097339000054,Salsa Picante,,"Sauces chili, en:groceries",pieza,0,9.25,6.47,56
4008258442012,Trozos de jengibre confitado,Gingembre confit,"en:fruits-based-foods, Fruits confits, Fruits secs, Gingembre, Gingembre confit",pieza,0,20.0,14.0,17
0016000275263,Cheerios,Toasted Whole Grain Oat Cereal,Extruded cereals,pieza,0,25.0,17.5,15
8412600028568,Rebanada estilo artesano,,Sliced breads,pieza,0,50.0,35.0,67
0017077102322,Kefir,,"Yogurts, Kefir",pieza,0,23.65,16.55,69
8850389100684,Mogu Mogu Lychee,,"Fruit juices from concentrate, Lychees, Still fruit soft drink with sugar and with 10-50% of fruit juice, Sweetened beverages",pieza,0,9.6,6.72,62
5901234123457,Salsa de Chiltepin,,Huiles d'olive,pieza,0,4.75,3.32,26
0815074022809,Mayo (avocado oil),,"Mayonnaises, Mayonnaise-made-with-avocado-oil",pieza,0,23.65,16.55,61
0096619676811,Crema de Almendras,creamy almond butter.,Almond butters,pieza,0,19.12,13.38,13
0815074022915,100% Avocado Oil,,"fruits-based-foods, Avocados, Avocado oils",pieza,0,25.0,17.5,54
0072250037068,Honey Wheat Bread,,Wholemeal sliced breads,pieza,0,25.0,17.5,25
5014271390420,St Dalfour Mermelada de Frambuesa,Mermelada de frambuesa,Confitura,pieza,0,28.4,19.88,54
0034856008187,Fruit Snacks,,"Sweet snacks, Fruit Snacks",pieza,0,0.08,0.06,62
0096619885725,Extra Fancy Salted Mixed Nuts,,Mixed nuts,pieza,0,25.0,17.5,70
8000320010088,Pulpe de tomates,,"Purées, Tomato pulps, Tomato purées, Groceries",pieza,0,68.0,47.6,14
8412600100325,Pan de molde sin corteza,,Panes de molde,pieza,0,112.5,78.75,68
8008698005231,Chocolate O's,Gluten free cocoa sandwich cookies with milk cream filling. Specifically formulated for people intolerant to gluten.,"Chocolate biscuits, Chocolate sandwich cookies",pieza,0,4.95,3.46,68
7501030467090,pan Bimbo cero,,Panes de molde integrales,pieza,0,152.5,106.75,58
0096619533008,Bebida Sabor Vainilla Con 2% De Almendra Orgánica Ultrapasteurizada No Lácteo,Vanilla-flavored Almond Milk,Vanilla almond-based drinks,pieza,0,23.65,16.55,65
0894700010434,Greek Yogurt Whole Milk Plain,,"Greek-style yogurts, Whole milk yogurts, es:yogurt-de-leche-entera-estilo-griego",pieza,0,90.7,63.49,90
0024463061095,Sriracha Chili Sauce,,"Sriracha, en:Low sugar condiments, en:Vegan condiments",pieza,0,48.2,33.74,27
0658480001101,Salmas oven baked corn crackers,,"Biscuits, Crackers (Appetizers), Aperitivos, Botanas, Galleta-de-maíz-blanco-horneada, Snacks-salados",pieza,0,50.4,35.28,13
0013000001243,Tomato Ketchup,SALSA DE TOMATE KETCHUP,Kétchups,pieza,0,39.7,27.79,72
7500810022061,Pan integral de harina de trigo,,"Sliced breads, Wholemeal breads",pieza,0,155.0,108.5,86
75007614,Coca cola,Refresco sabor coca cola,"Bebidas de cola, Bebidas azucaradas",pieza,0,18.0,12.6,26
7500810029183,Pan Blanco,,"Pastries, Toasts, White breads, es:Pan-de-caja, es:Pan-para-sandwich",pieza,0,155.0,108.5,71
0014100085478,GOLDFISH,Baked Snack Crackers Cheddar,"Sweet snacks, Crackers (Appetizers)",pieza,0,0.66,0.46,68
7394376620867,No Sugars Oat Drink,,"Oat-based drinks, Oatmilk",pieza,0,0.03,0.02,63
0818290017734,20g Protein Zero Added Sugar Mixed Berry Vanilla,,Yogurt drinks,pieza,0,0.25,0.17,11
7501000131440,Cero cero multigrano,PAN MULTIGRANO,"Panes de molde con cereales, Panes integrales",pieza,0,61.0,42.7,64
0096619381555,Organic Blue Agave,,Agave syrups,pieza,0,25.0,17.5,89
3036810204014,Mostaza a la miel,,Moutardes au miel,pieza,0,25.0,17.5,37
6111021013307,Orange Jam,,"Confitures d'orange, Confitures de oranges",pieza,0,43.0,30.1,67
0072250020756,Perfectly Crafted Multigrain,Bread,"Sliced breads, Wheat bread flour",pieza,0,25.0,17.5,52
0633148100624,Tajín Clásico Salsa en polvo. Bajo en sodio,,"Hot sauces, Spice Mix, Groceries",pieza,0,14.2,9.94,16
0884912126115,GREAT GRAINS,"HOJUELAS DE CEREAL MULTIGRANO CON UVAS PASAS, DATILES Y NUECES","Mueslis, Crunchy cereal clusters, Oat",pieza,0,45.3,31.71,21
7501000375417,Oroweat granos enterps multigrano,Pan con granos enteros endulzado con azúcar mascabado y miel,"Panes, Pan de caja",pieza,0,68.0,47.6,27
0894700010052,Yogurt Chobani Arándanos azul,Greek Yogurt,"Fruit yogurts, Greek-style yogurts",pieza,0,25.0,17.5,71
0894700010014,Greek Yogurt Nonfat Plain,,Greek-style yogurts,pieza,0,25.0,17.5,51
0097339000030,Salsa Valentina,,"Hot sauces, Groceries",pieza,0,0.03,0.02,83
7501000111800,Pan Tostado Clásico,,Pan tostado,pieza,0,52.5,36.75,17
0025293002920,SILK - Bebida de Almendra s/azúcar,Bebida vegetal,"Leches de almendras, Vegano",pieza,0,23.65,16.55,94
0041790001600,Extra Virgin Olive Oil,,Extra-virgin olive oils,pieza,0,12.5,8.75,58
0049733091015,Cholula Salsa Picante,Salsa Picante Receta Original,"Salsas de chiles, en:groceries, Salsa picante",pieza,0,3.75,2.62,59
6111021013406,FIG JAM,,"Confitures de figues, en:Confitures de fruits",pieza,0,43.0,30.1,27
7501000375295,Oroweat 12 Granos,,"Multigrain sliced breads, Wholemeal breads, Cereal and odd bread",pieza,0,68.0,47.6,94
7506443101074,Griego OIKOS Selecto,,Yogures naturales,pieza,0,25.0,17.5,100
0884912126016,Crunchy Pecan Cereal,,Cereal flakes,pieza,0,45.3,31.71,79
7613032396350,Cortado Espresso Macchiato/Dolce Gusto,Lait entier en poudre avec café soluble,"Cafés solubles, Dosettes Dolce Gusto, Cafés en dosettes compatible Dolce Gusto",pieza,0,10.08,7.06,45
7501020515299,media crema,Media crema de leche de vaca ultrapasteurizada,"Lácteos, fr:Pâtes à tartiner, Crema",pieza,0,6.25,4.38,42
0072250020749,Thick Sliced White Bread,,White breads,pieza,0,0.55,0.39,70
0096619545346,Pistachios,"pistachios roasted and salted, natural opened.","Roasted pistachios, Salted pistachios",pieza,0,0.03,0.02,56
7501020540666,Nutri leche clásica,Producto lácteos con grasa vegetal ultra pasteurizada,"Bebida lácteas, Leches",pieza,0,26.0,18.2,79
5011038135904,kerrggola,,Beurres demi-sel,pieza,0,20.0,14.0,23
7501295600126,Leche Santa Clara Entera,,"Beverages, Whole milks",pieza,0,0.03,0.02,28
7506227346615,chip,,telefonía,pieza,0,25.0,17.5,49
8001250310125,Spaghetti numero 12 integrali,Pasta,"Pasta seca, Espaguetis de trigo duro, Pastas de trigo duro integrales o semi-integrales",pieza,0,50.0,35.0,72
7501020565911,Lala deslactosada,,Leche sin lactosa,pieza,0,0.03,0.02,73
0049508006008,Snack Factory Pretzel Crisps Original,crunchy pretzel crackers,Crackers (Appetizers),pieza,0,20.4,14.28,17
0037600105064,SKIPPY NATURAL,,"Vegetable fats, Peanut butters, Nut butters",pieza,0,1.5,1.05,55
0040600345002,BUTTER,,"Margarines, Butters",pieza,0,50.0,35.0,65
0789742895050,Nutella,Crema de Avellanas con Cacao,"Lácteos, Cremas de cacao y avellanas, Crema de avellanas",pieza,0,35.0,24.5,83
8001585008032,Mini rolls chocolate,Produit de pâtisserie au four fourré au chocolat,"biscuits, gâteaux, en:Biscuits et gâteaux, en:Gâteaux, en:Gâteaux au chocolat, en:Snacks sucrés",pieza,0,5.4,3.78,53
9002490200220,Red Bull Sugarfree,Bebida energética,"Bebidas carbonatadas, Bebidas endulzadas artificialmente, Bebidas energéticas, en:boissons-édulcorées, en:boissons-énergisantes",pieza,0,6.25,4.38,85
7501055901425,leche deslactosada,"Leche parcialmente descremada, deslactosada, ultrapasteurizada adicionadas con vitaminas A y D",Leche sin lactosa,pieza,0,26.0,18.2,76
0658480001262,Tostadas horneadas de maiz,,"Granos inflados, en:Corn flatbreads",pieza,0,21.6,15.12,82
0021136010541,Agua Mineral,,Aguas minerales,pieza,0,7.2,5.04,97
0041789001864,Maruchan habanero,,"Sopas, Fideos instantáneos, Pasta instantánea, Pasta de anchoas",pieza,0,6.4,4.48,57
7506475101158,Cheerios Avena y Más Granos,Cereal para desayuno,en:Extruded cereals,pieza,0,42.0,29.4,56
77940131,Turrón & Maní,oblea rellena con pasta de turrón y maní.,"Obleas rellenas, Turrónes blandos de cacahuete",pieza,0,2.5,1.75,16
7501045403144,Atún aleta amarilla en hojuelas en agua,,"Atun en conserva, Alimentos-conservados, Alimentos-enlatados, Atún en agua, Peces, Pescado-en-conserva",pieza,0,1.2,0.84,84
0029700001414,Mashed potatoes buttery homestyle,,"Meals, Mixed vegetables, Instant mashed potatoes, puré",pieza,0,0.14,0.1,98
0884912014283,Honey Bunches of Oats with Almonds Cereal,,"Mueslis, Honey cereal balls",pieza,0,25.0,17.5,52
3038351480100,Panzani Lasagne,,"Dry pastas, Durum wheat pasta",pieza,0,125.0,87.5,73
80051671,Nutella,,Cocoa and hazelnuts spreads,pieza,0,20.0,14.0,69
8410300349020,Caldo casero de pescado,,"en:Liquid fish broths, Caldo de pescado",pieza,0,0.03,0.02,59
7502252480928,Leche de almendras,Alimento líquido de almendra sin azúcar,Leches de almendras,pieza,0,24.6,17.22,59
0025293001503,Almond,,"Almond-based drinks, Fortified Almond Beverage",pieza,0,0.06,0.04,20
0097339000061,Salsa picante,,"Dips, Hot sauces, comestibles",pieza,0,0.31,0.22,88
0633148100556,Taijin Clásico Seasoning with Lime,,"Hot sauces, Spice Mix",pieza,0,40.0,28.0,96
0738545010481,Salsa Clasica,,Boissons,pieza,0,25.0,17.5,46
7501000112333,Pan Tostado,Pan tostado,Pan tostado,pieza,0,62.5,43.75,53
7501295600157,Leche deslactosada Semidescremada,Leche semidescremada deslactosada ultrapasteurizada adicionadas con vitaminas A y D,"Leche sin lactosa, Leche deslactosada",pieza,0,26.0,18.2,91
8410300349044,Caldo casero de carne,Caldo Casero de Carne,"Sopas, caldos, en:groceries",pieza,0,0.03,0.02,92
8412600009345,Natural 100%,Pan de molde de trigo,Panes de molde,pieza,0,46.0,32.2,37
7501011123588,doritos nacho,,Patatas fritas de maíz,pieza,0,6.1,4.27,95
7501040095177,Yogurt Griego sin azúcar añadida,,"Yogures naturales, Yogures estilo griego",pieza,0,0.1,0.07,28
6111021013604,Aicha Confiture De Pêches Extra 430 G,,Confitures de pêches,pieza,0,43.0,30.1,79
7500327047878,Rice cakes con quinoa,,"Tortitas de arroz, en:Rice cakes",pieza,0,14.0,9.8,65
5011038135911,Mantequilla pura de Irlanda,Mantequilla,Mantequila sin sal,pieza,0,20.0,14.0,81
7501517602174,Ghee Mantequilla Clarificada,,"Mantequillas, ghee",pieza,0,87.0,60.9,20
0850045609184,Orgánica Y Keto Crema De Cacahuate Crujiente,,en:Pure peanut butters,pieza,0,111.3,77.91,74
0016000506497,Brownie,,"Bars, Brownies, Protein bars",pieza,0,2.5,1.75,70
7501000375288,Pan Integral con Masa Madre,PAN DE HARINA DE TRIGO INTEGRAL CON UN TOQUE DE MIEL,"Panes de molde con cereales, Panes de molde integrales",pieza,0,170.0,119.0,40
7501086801046,Agua de litro epura,Agua purificada,"Bebidas, Aquas",pieza,0,0.01,0.01,37
0758104100422,BONAFONT Natural 1 L,Agua natural purificada,Aguas minerales,pieza,0,0.03,0.02,55
7501055310883,Ciel,Agua purificada,"Bebidas no alcohólicas, Aguas",pieza,0,0.03,0.02,91
7501030452553,Pan blanco artesenal,,Panes de molde,pieza,0,141.75,99.22,29
0073472002001,Ezekiel 4:9 Original Tortillas,,"Breads, Mexican Dinner Mixes, Tortillas",pieza,0,34.0,23.8,82
7501000111503,medias noches hotdog,PAN PARA HOT DOG'S,"Bolleria, Panecillos para perritos calientes",pieza,0,34.0,23.8,30
7501003340139,Mayonesa mccormick 390g,Mayonesa con jugo de limones,Mayonesas,pieza,0,39.0,27.3,85
7501020550986,Lala 100 sin lactosa,Leche deslactosada,Leche sin lactosa,pieza,0,0.03,0.02,70
7501030437390,Thins multigrano,PAN DE GRANOS ENTEROS,"Panes de molde con cereales, Panes integrales",pieza,0,25.5,17.85,88
8410179306148,Vinagre balsámico de módena,,Balsamic vinegars of Modena,pieza,0,6.25,4.38,78
7501003336125,McCormick Mermelada de Fresa,Mermelada de Fresa,Confitura,pieza,0,27.0,18.9,16
7501079702817,Puré De Tomate,PURE DE TOMATE CONDIMENTADO,"Puré, Salsas de tomate, en:Groceries",pieza,0,21.0,14.7,26
75002343,Aceite Vegetal Mixto,,Aceites de canola,pieza,0,0.03,0.02,75
0631656710496,Whey Protein,,"Protein powders, Whey protein",pieza,0,0.23,0.16,47
7501020550979,Leche fresca sin lactosa proteína light 1 l,"LECHE PARCIALMENTE DESCREMADA DESLACTOSADA ULTRAFILTRADA PASTEURIZADA, ADICIONADA CON VITAMINAS A Y D.  REDUCIDA EN GRASA.",en:Dairy by-products,pieza,0,26.0,18.2,12
7501020565928,Leche descremada deslactosada,,"Leche desnatada, Leche sin lactosa",pieza,0,26.0,18.2,10
7622210561558,Original Philadelphia,,Fromages à la crème,pieza,0,18.0,12.6,100
0049733830119,CHIPOTLE HOT SAUCE,Chipotle Hot Sauce,Hot sauces,pieza,0,3.75,2.62,18
0036200219317,SAUCE TOMATO & BASIL,,"Pasta sauces, Tomato sauces, Groceries",pieza,0,68.0,47.6,57
0632565000029,Fiji,,"Non-alcoholic beverages, Mineral waters",pieza,0,0.03,0.02,82
5601008101901,Cream Cracker,Bolacha Cream Cracker,en:Crackers (Appetizers),pieza,0,18.0,12.6,51
6111021013505,Crème d'ipomée,,"Confitures, en:Creme confiture d'ipomee",pieza,0,43.0,30.1,46
8001720021018,Panettone classico,,"Kuchen, Panettone",pieza,0,125.0,87.5,46
5014271330426,Wild Blueberry High Fruit Content Spread,Mermelada de moras salvaje,Mermeladas y confituras de frutas del bosque,pieza,0,28.4,19.88,34
7501052470085,ADEREZO RANCH,ADEREZO RANCH,"Aderezos para ensaladas, en:Groceries",pieza,0,5.93,4.15,62
7501040090028,Yoghurt Natural con endulzantes con probioticos,Yoghurt Natural,Yogures naturales,pieza,0,0.1,0.07,12
8000500220535,Nutella,,Cremas de cacao y avellanas,pieza,0,0.1,0.07,45
7501020561906,Crema lala original,Crema de leche original,"Leches, Quesos pasteurizados, Queso curado, Crema, Derivados de lácteos",pieza,0,10.65,7.46,36
0818290018304,Yogur,,Greek-style yogurts,pieza,0,25.0,17.5,82
7506475104722,La Lechera Original,,Condensed milks,pieza,0,9.75,6.82,79
7501055916016,crema alpura,,"Nata, Leches pasteurizadas, en:Lacteos",pieza,0,10.65,7.46,25
12112210,La lechera choco-avellana,,"Cremas de cacao y avellanas, Chocolate con leche y avellanas",pieza,0,8.45,5.91,87
8412170011434,Noglut María,"galletas maría, sin gluten.","Galletas sin gluten, Galletas maría",pieza,0,18.0,12.6,67
7500810028636,Cero Cero Multigrano,,"Panes blancos, Panes de molde con cereales",pieza,0,34.0,23.8,51
8412170026896,Pan Integral Dextrin Tradicional,pan integral de molde tostado dextrin tradicional.,"Pan tostado, Panes de molde integrales",pieza,0,75.0,52.5,11
0052603054454,CHICKEN BROTH ORGANIC,,Chicken broths,pieza,0,23.65,16.55,35
0073472001530,Flourless Sprouted Grain Bread,,"Frozen breads, Pre-baked breads, Multigrain sliced breads, Wheat breads",pieza,0,25.0,17.5,69
0077975087312,Pretzel Sticks,,Crackers (Appetizers),pieza,0,22.68,15.88,76
7501055349005,Leche deslactosada light,Leche descremada deslactosada ultrapasteurizada adicionada con vitaminas A y D,"Leches, Leches light",pieza,0,26.0,18.2,66
8000320110191,SUPERCIRIO,PURE DOBLE CONCENTRADO,"Puré, Salsas, en:groceries",pieza,0,14.0,9.8,44
8005121000085,Spaghetti Ristorante 8,pasta di semola di grano duro.,"Pasta secca, Spaghetti di grano duro, en:Italian pasta",pieza,0,50.0,35.0,70
7501055900039,Leche Ultra Pasteurizada Entera,"Leche parcialmente descremada, ultrapasteurizada adicionada con vitqaminas A y D",Leches,pieza,0,26.0,18.2,83
0041789001987,Instant Lunch Con Camarón y Chile Piquín,pasta de harina de trigo precocida con mezcla de condimentos deshidratados con camarón y chile piquín.,"Sopas deshidratadas, Sopas de fideos instantáneas, Pasta instantánea",pieza,0,6.4,4.48,91
7501055304745,Coca cola,Refresco sabor Cola,"Bebidas de cola, Bebidas azucaradas",pieza,0,0.09,0.06,36
0097339000214,Valentina Salsa Picante,,"Sauces chili, Sauce piquante",pieza,0,8.75,6.12,84
7501055310227,Coca-Cola 2.5L retornable,,"Bebidas de cola, Bebidas azucaradas, Ultraprocesado",pieza,0,0.07,0.05,68
7501001604103,Jugo sazonador,,Sazonador Liquido,pieza,0,2.5,1.75,41
7501058652683,CORN FLAKES,,Corn flakes,pieza,0,50.0,35.0,17
7501013106947,Jugo de naranja,,"Zumos de naranja con pulpa, Jugos",pieza,0,24.0,16.8,17
5000159461122,Snickers,Snickers,Candy chocolate bars,pieza,0,5.0,3.5,93
0012957100016,Salsa Huichol Picante,,"Hot sauces, Undefined, es:Salsa picante",pieza,0,0.16,0.11,57
0041449003153,Harina preparada completamente para hacer Hot Cakes,,"Pasteles, en:Baking Mixes, en:Pastry helpers, Mezcla para tortitas, Preparations-pour-desserts",pieza,0,0.45,0.32,73
0632565000012,Fiji,natural artesian water from the islands of fiji.,Natural mineral waters,pieza,0,12.5,8.75,10
7500810029954,Pan de Harina de Trigo Blanco,,Sliced breads,pieza,0,87.5,61.25,33
8410010272526,Aceite De Oliva Extra Virgen,,"Aceites de oliva virgen extra, A",pieza,0,25.0,17.5,24
0096619536740,Costco Water,,Waters,pieza,0,25.0,17.5,26
0021000052288,SALSA ORIGINAL BARBECUE,,"Barbecue sauces, Groceries",pieza,0,1.8,1.26,19
0041449001104,Complete pancake mix buttermilk,,"Cereal flours, Cake mixes, Pancake mixes, Pancakes, Soft cake filled with fruits",pieza,0,226.75,158.72,87
5000111001540,Lea & Perrins,,"Sauces Worcestershire, en:groceries",pieza,0,7.4,5.18,84
7501073830509,Agua mineral,,"Aguas carbonatadas, Aguas minerales naturales",pieza,0,7.2,5.04,74
7613031300655,NESTLE CHEERIOS Multigrain Cerealien,Frühstücks-Getreidekringel,"Stranggepresstes Getreide, en:frühstücke, en:frühstückscerealien, en:geröstete-getreidekost, en:pflanzliche-lebensmittel-und-getränke",pieza,0,37.5,26.25,46
8005121000276,Penne Ziti Rigate 27,pasta di semola di grano duro.,"Pasta secca, Pasta di grano duro, en:Italian pasta, Penne rigate",pieza,0,50.0,35.0,77
0608875006440,Tomate ketchup,SALSA DE TOMATE SIN AZUCAR,"Kétchups, en:groceries, CATSUP",pieza,0,36.9,25.83,90
0038000845246,Original,potato crisps,Stacked extruded potato crisps,pieza,0,25.0,17.5,85
7501003340122,Mayonesa Con Limón,,"Mayonesas, Bocadillo de huevo y verduras con mayonesa, en:groceries, Mayonesa con limón",pieza,0,19.0,13.3,49
0038000846731,Original,bocaditos a base de papa sabor original.,en:Stacked extruded potato crisps,pieza,0,3.7,2.59,83
7501055361540,Coca Cola Sabor Original,,"Bebidas de cola, Bebidas azucaradas",pieza,0,10.65,7.46,33
0808806886978,crema de cacahuate Mister,,"Mantecas de cacahuete, Mantecas de frutos de cáscara",pieza,0,25.0,17.5,81
7506443102392,Almendra sin azucar,,Leches de almendras,pieza,0,25.0,17.5,54
7501055356256,Coca-Cola chubby SA,,Bebidas de cola,pieza,0,18.0,12.6,65
7501006585216,Salsa catsup,,Salsas de tomate,pieza,0,90.0,63.0,55
7501040097911,"Skyr, Yoghurt griego batido natural",,"Plain yogurts, Greek-style yogurts",pieza,0,75.0,52.5,81
7501040095160,Griego sin azúcar añadida,,"Yaourts allégés en matière grasse, Yaourts à la grecque",pieza,0,75.0,52.5,26
7501055371655,Coca Cola,,"Bebidas endulzadas artificialmente, Bebidas de cola, Bebidas azucaradas",pieza,0,0.06,0.04,63
7501059224827,café 100% puro soluble Nescafé clásico,,"Cafés, Cafés solubles",pieza,0,20.0,14.0,38
8410300348955,Caldo para paella fácil de marisco,,"en:Liquid fish broths, en:Groceries",pieza,0,0.03,0.02,50
0633148100150,Tajín Clásico - Salsa en polvo,,"Especias, Salsas de chiles, Salsa-en-polvo",pieza,0,25.5,17.85,32
7500327047854,Brown Rice Cakes,Alimento saludable,"Galletas sin gluten, Tortitas de arroz",pieza,0,14.0,9.8,51
7500478043927,Botana crujiente a base de papa original,,en:Potato crisps with salt,pieza,0,4.2,2.94,90
0085696608044,MORINAGA - Tofu,Silken tofu,"Meat analogues, tofu",pieza,0,1.08,0.76,54
3038351563605,FUSILLI,PASTA FUSILLI,Pasta de trigo duro,pieza,0,50.0,35.0,60
7501055317875,Fuze Tea Te Negro,Bebida sabor durazno,Bebidas azucaradas,pieza,0,12.5,8.75,85
7501052472102,SALSA CATSUP,Salsa catsup,"Puré, Kétchups, en:Groceries, Catsup",pieza,0,34.0,23.8,41
7501030486664,Tortillinas,,Panes planos,pieza,0,56.1,39.27,89
7501039120149,Nutrioli,Aceite comestible puro de soya,"Aceites de canola, Aceites de soja, fr:Aceite de soya",pieza,0,23.65,16.55,82
0034587020021,Sal Yodada Fluorurada,Sal yodada fluorurada,Sales,pieza,0,0.1,0.07,89
7501040092862,Yogurt sabor endulzado estilo griego,yoghurt Natural estilo griego,"Quesos griegos, Yogures naturales, Yogures estilo griego",pieza,0,12.0,8.4,87
7501030424536,Takis Fuego,Pequeñas tortillas de maíz enrolladas y fritas sabor chile y limón,"Papas fritas congeladas, Patatas fritas de maíz",pieza,0,5.6,3.92,49
7501086801015,Agua purificada sin sodio,Agua purificada,Aguas,pieza,0,0.02,0.01,85
7501055320639,Coca cola 600 sin azucar,Bebida sabor cola,"Bebidas de cola, Bebidas azucaradas, Refrescos",pieza,0,18.0,12.6,28
7501032398439,Yogurt,,Yaourts natures,pieza,0,90.0,63.0,40
7506105606053,Trident Menta,,Sugar-free chewing gum,pieza,0,1.8,1.26,43
0658480001279,Tostadas Horneadas,,en:Corn flatbreads,pieza,0,24.0,16.8,16
0096619267484,Agave azul orgánico,,"Mieles, Siropes de agave",pieza,0,25.0,17.5,41
7501000664221,Galletas Saladitas,,Crackers,pieza,0,46.5,32.55,70
7502252484285,Avena y Linaza,,Bebidas de avena,pieza,0,23.65,16.55,13
7501000153107,Pastel sabor chocolate relleno sabor mermelada Gansito,,"Bolleria, Galletas con tableta de chocolate con leche, Pastel de chocolate fundido",pieza,0,1.5,1.05,28
7500533001091,Agua purificada libre de sodio,,Aguas,pieza,0,6.0,4.2,46
7501000912803,Raid casa y jardín,,"Bebidas, Cafés, Cafés solubles",pieza,0,4.2,2.94,94
7501008057346,Zukaritas,,Copos de maíz tostado,pieza,0,62.0,43.4,100
5014271794013,St Dalfour Mermelada de Higo,,Figs jams,pieza,0,27.6,19.32,45
7500810029787,"Thins, Cero cero",,"Sliced breads, Hamburger buns, Wheat breads, es:Pains Burger",pieza,0,25.5,17.85,39
7622210575401,Galleta Oreo Chopeo Espacial,,Galletas rellenas,pieza,0,25.0,17.5,90
7501030478409,Pan Integral 100% Con Ajonjoli,,Panes de molde integrales,pieza,0,141.75,99.22,77
0018627703396,GoLean,"Plant protein and multigrain cluster cereal with honey, almonds and flaxseeds",Breakfast cereals,pieza,0,36.4,25.48,74
0037600105002,SKIPPY CREAMY,,"Vegetable fats, fr:Pâtes à tartiner, Nut butters, Creamy peanut butters, Cremas de cacahuate",pieza,0,46.2,32.34,100
0073472001196,English Muffins,English Muffins,"English muffins, Baked goods, Grain products",pieza,0,45.4,31.78,21
0077975089156,Mini Pretzels,,Pretzel,pieza,0,22.68,15.88,84
0724836004024,Salsa de chile Habanero Rojo,,"Hot sauces, Groceries",pieza,0,25.0,17.5,100
0739907000010,Harina de maíz blanco,,Cornmeal,pieza,0,0.1,0.07,51
0786162338006,Vapor distilled water,Agua purificada,"en:fruits-based-foods, Frutas, Aguas minerales, Bebidas no azucaradas",pieza,0,0.03,0.02,21
7501000112784,Nito,Pan relleno de chocolate y con cubierta de chocolate,Snacks dulces,pieza,0,6.2,4.34,74
7501000140855,Galletas Marinela Triki Trakes con chispas de chocolate,Galletas con chispas sabor a chocolate,Galletas,pieza,0,2.04,1.43,71
7501020548495,Leche 100 sin lactosa proteína,Leche sin lactosa parcialmente descremada,Leche sin lactosa,pieza,0,26.0,18.2,16
7501032398446,Oîkos griego,,Yogures estilo griego,pieza,0,90.0,63.0,31
7501055909520,Crema Acida,CREMA,"Nata, fr:crema",pieza,0,5.0,3.5,33
8005121000405,Fusilli 40,pasta di semola di grano duro.,"Pasta secca, en:Italian pasta, es:Fusilli de trigo duro",pieza,0,12.5,8.75,25
7503013040207,saborizante cal-c-tose chocala lat,Chocolate en polvo para preparar bebidas,"Bebidas, Chocolates, Chocolates en polvo",pieza,0,40.0,28.0,95
0096619480562,Crema Organica de Cacahuate,,"Mantecas de cacahuete, fr:Pâtes à tartiner, Mantecas de frutos de cáscara, Crema-de-cacahuate",pieza,0,79.38,55.57,97
7500478000401,Quaker Oats Integral,AVENA DE GRANO ENTERO,"Copos de avena, Avena sativa, Hojuelas de avena",pieza,0,47.5,33.25,22
0025293002661,Leche Almendra,Alimento líquido con almendra,Leches de almendras,pieza,0,24.6,17.22,52
7502232251722,Claras de huevo líquidas,Claras de huevo líquida pasteurizada,"Ayudas culinarias, Huevos",pieza,0,0.1,0.07,37
7501011130272,Xtra Flamin’ Hot,,en:Flavoured corn crisps,pieza,0,6.1,4.27,12
7501003303387,Mayonesa con jugo de limones,,"Mayonesas, en:groceries",pieza,0,46.8,32.76,88
75004699,Coke,,"Bebidas de cola, Bebidas azucaradas, Refrescos",pieza,0,12.5,8.75,68
7501058633354,Corn flakes,,Cereales para el desayuno,pieza,0,53.0,37.1,17
7501020552942,Leche de almendras sin azucar,,Leches de almendras,pieza,0,24.96,17.47,90
7501125104411,Suero rehidratante coco,,"Bebidas, Antiulcerantes",pieza,0,15.62,10.93,80
7501125149221,Suero Rehidratante,,,pieza,0,25.0,17.5,10
7500478014569,Chokis clásica,,"Galletas de chocolate, Cookies",pieza,0,7.6,5.32,30
7500533000506,Crema de cacahuate,,"Mantecas de cacahuete, Mantecas de frutos de cáscara",pieza,0,0.11,0.08,69
7501020565935,Leche entera ultrapasteurizada adicionada con vitaminas A y D,,"Leches pasteurizadas, Leche entera",pieza,0,26.0,18.2,25
7501032300036,Danone Griego Natural Sin Azúcar,,Greek-style yogurts,pieza,0,65.0,45.5,92
7500810026120,Pan Artesano Hogaza Multigrano,,"en:Frozen breads, Prodotti di pasticceria, Pancarré, Toast, Pane bianco, es:Bollos, es:Pan de harina, es:Pan para sandwich",pieza,0,152.5,106.75,21
7501040023491,Pechuga De Pavo Receta Tradicional,,"Turkeys, Cooked turkey breast slices",pieza,0,20.0,14.0,18
7501000300730,Pan Multigrano Linaza Chico Bimbo 540GR.,"Pan con harina de trigo, Linaza, cebada, avena, maiz y semilla de girasol","Panes de molde, Panes integrales",pieza,0,152.5,106.75,41
0057836000018,Pepppers,,Abarrotes Generales,pieza,0,25.0,17.5,79
7501011143753,Botana Sabritas Cheetos Xtra Flamin´Hot sabor chile y limón,,"Chips fritos, Botana de maíz inflado",pieza,0,24.0,16.8,68
0041789002960,Maruchan Ramen,,Fideos instantáneos,pieza,0,8.5,5.95,40
7506495012687,Aceite de oliva extra virgen,,Aceites de oliva virgen extra,pieza,0,6.25,4.38,24
7500478039135,Galleta María,,Galletas,pieza,0,18.5,12.95,18
7500810029947,Integral,,Abarrotes Generales,pieza,0,25.0,17.5,51
0044000020170,OREO mini,,Chocolate sandwich cookies,pieza,0,0.1,0.07,57
0016000423718,Fiber One,Brownies with chocolate chips and fiber,Brownies,pieza,0,0.53,0.37,79
0096619099481,Sparkling black raspberry,,Carbonated waters,pieza,0,0.03,0.02,96
0658480001255,Tostaditas de maíz blanco horneadas,,"Galletas, Crackers, galleta-de-maiz, galleta-de-maiz-blanco-horneado",pieza,0,0.6,0.42,32
0658480001248,Salmas horneadas,,"Maíz, Harinas de maíz, en:Crispbreads, Tostadas de maiz, Tostadas-horneadas",pieza,0,1.8,1.26,29
7501040094118,yoplait sabor natural + cápsula con gramola con probióticos,,Sweetened yogurts,pieza,0,45.0,31.5,84
75032715,Corona Extra,,Lagers,pieza,0,8.88,6.22,51
7501020547047,Lala leche,LALA entera,Leches,pieza,0,46.8,32.76,25
7501055300075,Coca-Cola,Coca-cola,"Bebidas de cola, Bebidas azucaradas",pieza,0,10.65,7.46,96
7501055904143,Deslactosada light,"LECHE DESCREMADA, DESLACTOSADA, ULTRAPASTEURIZADA, ADICIONADA CON ÁCIDO FÓLICO, VITAMINAS A Y D. BAJA EN GRASA","Bebida lácteas, Leches, Alimento con leche, Batido de leche, Derivados de lácteos, Fermentos con leche",pieza,0,0.03,0.02,39
7501059243873,Cereal Cheerios Miel,,en:Extruded cereals,pieza,0,48.0,33.6,95
8410344151306,Aceitunas Rellenas de Anchoas,,Olives vertes farcies à l'anchois,pieza,0,30.0,21.0,57
7506205802157,Choco Milk,Chocolate en polvo para preparar bebidas,"Bebidas, Chocolates en polvo",pieza,0,40.0,28.0,16
75003104,Bebida de pulpa de mango,Bebida de mango fortificado,"Bebidas endulzadas artificialmente, Bebidas azucaradas",pieza,0,12.5,8.75,47
7501071307799,Refried Black Beans,FRIJOLES REFRITOS NEGROS,"Comidas preparadas, Semillas, Frijoles refritos, fr:Haricots préparés",pieza,0,43.0,30.1,83
7501040095122,Yoghurt sabor natural estilo griego,Yogur estilo griego natural,Yogures estilo griego,pieza,0,75.0,52.5,74
0038000184932,Pringles - Original,Hojuelas de papa con sal,en:Stacked extruded potato crisps,pieza,0,12.4,8.68,24
0810990003062,Coconut milk,,"en:Coconut milks and creams, Natas vegetales para cocinar, Mezclas de leches vegetales",pieza,0,0.03,0.02,43
0008295663900,Organic apple cider vinegar,,"Sauces, Cider vinegars, Groceries",pieza,0,12.5,8.75,34
7501125144851,Suero Electrolit Uva,Suero rehidratante,"Bebidas, Electrolitos, Electrolitos-orales, Suero, Suero rehidratante, Suero-electrolitos",pieza,0,15.62,10.93,20
75053901,Salsa de Tomate Catsup,,"Kétchups, en:groceries",pieza,0,32.0,22.4,72
7501032399290,Coco sin azucar sin endulzar,,Bebidas de coco,pieza,0,23.65,16.55,17
7501040006753,Pechuga de pavo Balance,,"Fiambre de pechuga de pavo, Pechuga de pavo",pieza,0,25.0,17.5,57
7501055302925,Coca-Cola 2L,,"Bebidas de cola, Bebidas azucaradas",pieza,0,0.06,0.04,62
7501048103010,Aceite puro de canola,,Aceites de canola,pieza,0,23.65,16.55,17
7501003306319,Mayonesa con limón,,"Mayonesas, en:groceries",pieza,0,87.0,60.9,10
0025046150137,Bocadin,,"Barritas, Chocolates, Barras, Barras de chocolate",pieza,0,1.05,0.73,97
7501000606566,Galletas con relleno sabor chocolate,,Galletas de chocolate,pieza,0,3.39,2.37,95
7501058628466,Nescafe Decaf 40g,,Decaffeinated coffees,pieza,0,25.0,17.5,71
7501039121610,Aceite de soya,Aceite vegetal,Aceites de soja,pieza,0,21.25,14.87,52
7501055305247,Refresco Cola 2500 ML.,,Bebidas de cola,pieza,0,0.07,0.05,19
7501639305731,Leche deslactosada semidescremada,,"Leche sin lactosa, Leche deslactosada semidescremada, Leche semidescremada, Leche ultrapasteurizada",pieza,0,26.0,18.2,67
0096619417568,Leche Deslactosada,,Leche sin lactosa,pieza,0,26.0,18.2,41
8410010725046,Aceite de oliva,,Extra-virgin olive oils,pieza,0,25.0,17.5,29
7506443103993,Silk Almendra Sin azúcar Alto en Proteína,,Leches de almendras,pieza,0,23.65,16.55,33
7501020563733,Yoghurt batido Lala fresa,,Yogures,pieza,0,25.0,17.5,66
8000500126936,Bombones Ferrero Rocher,,"Chocolats, Biscuits au chocolat, Biscuits croustillants, Biscuits fourrés aux noix, Biscuits cacaotés fourrés goût vanille, en:Neules",pieza,0,12.5,8.75,69
7500810022665,Natural,,Panes,pieza,0,25.0,17.5,63
0689544086017,Crema Ácida,,Sour creams,pieza,0,45.4,31.78,54
7500608000288,Rice cakes,,"Tortitas de arroz, Galletas de arroz",pieza,0,14.0,9.8,84
7501013106930,Jugo de Naranja Sin Pulpa,,Zumos de naranja exprimidos no refrigerados,pieza,0,24.0,16.8,36
7500478022373,Emperador senzo,,Filled biscuits,pieza,0,18.0,12.6,54
7500810036624,Tortillas de harina de trigo,,"Panes planos, Harinas de trigo, Panes blancos, Tortitas, To, Tortilla-de-harina-de-trigo",pieza,0,38.25,26.77,43
0016000507258,Oats 'N Dark Chocolate Granola Bars,Granola bars,"Cereals and their products, Cereal bars",pieza,0,0.04,0.03,59
0037600104999,SKIPPY SUPERCHUNK,,"Legumes, Nuts and their products, Vegetable fats, Peanut butters, fr:Pâtes à tartiner, CREMA DE CACAHUATE",pieza,0,46.2,32.34,83
0051000197597,ALFREDO SAUCE,,"Pasta sauces, Alfredo sauces, Groceries",pieza,0,41.1,28.77,97
0072180634290,Pizza 4 Quesos Red Baron,,"Frozen pizzas and pies, Cheese pizzas",pieza,0,59.7,41.79,36
0077901006516,Chunk Feta President,,"Refrigerated foods, Pasteurized cheeses, Feta blocs, Groceries",pieza,0,0.8,0.56,61
0078895700015,HOISIN SAUCE,,"Hoisin sauces, Groceries",pieza,0,25.0,17.5,94
0884912102102,GREAT GRAINS,HOJUELAS TOSTADAS DE CEREAL MULTIGRANO CON MORAS AZULES Y ALMENDRAS,Cereal flakes,pieza,0,38.2,26.74,84
7501008018125,cereal choco krispi,"Cereal de avena, maíz y arroz en forma de galleta sabor a chocolate con vitaminas y minerales","Cereales de chocolate, Cereales inflados",pieza,0,29.0,20.3,75
7501040001598,Pechuga de pavo,Pechuga de pavo,"Pechuga de pavo, Rebanas de pechuga de pavo",pieza,0,25.0,17.5,92
7503008669055,Alimento Líquido de Coco,alimento liquido de coco,"Sustitutos de la leche, Agua de coco, en:Alimento-liquido",pieza,0,0.03,0.02,49
8005121000146,Linguine 14,pasta di semola di grano duro.,"Pasta secca, Pasta di grano duro, en:Italian pasta, Linguine",pieza,0,12.5,8.75,92
7501058611062,Leche Evaporada,"leche parcialmente descremada evaporada esterilizada, adicionada de vitaminas A y D.","Leches, en:Evaporated milks without sugar",pieza,0,9.36,6.55,22
7502252481796,Nature’s heart Almond&Vanilla,Alimento líquido de almendra sin azúcar sabor vainilla,"Leches, Bebidas vegetales",pieza,0,23.65,16.55,90
75013820,San Rafael,Salchicha de pavo,"Carnes, Salchichas, Comidas preparadas refrigeradas",pieza,0,50.0,35.0,53
7501040005831,Jamón de pavo virginia,Jamón de pavo tipo Virginia,"jamón, Carnes frías, Pavo, Salchichonería",pieza,0,29.0,20.3,13
7501005102735,Bebida de soja sin azúcar añadida,Leche de soya con proteína,"Bebidas de cereales, Bebidas de soja",pieza,0,23.65,16.55,13
0025293002937,SILK - Almendra Vainilla,Alimento líquido de almendra sabor vainilla sin azúcar,"en:Vanilla almond-based drinks, Vegano",pieza,0,25.0,17.5,36
7501639303690,Bové Leche entera,Leche entera ultrapasteurizada adicionadas con vitaminas A y D,Leches,pieza,0,26.0,18.2,55
7501006585209,Salsa de tomate,SALSA TIPO CATSUP,"Salsas de tomate, en:Groceries",pieza,0,65.0,45.5,40
8411145202563,"Palitos Mediterráneos Con Tomate, Ajo Y Orégano","Palitos de pan con tomate, ajo y oregano estilo mediterraneo",Panes integrales,pieza,0,5.0,3.5,41
7501071301629,Puré de papa,PURE DE PAPA,Instant mashed potatoes,pieza,0,16.0,11.2,43
7501003124234,Granos de elote,Granos de elote,"Maíz en conserva, Enlatados",pieza,0,22.0,15.4,23
7501005102728,Bebida De Soya,Sabor natural,"Cereal-based drinks, Sweetened plain soy-based drinks",pieza,0,23.65,16.55,97
7501761810394,Avena 3 minutos,,en:Plain porridge,pieza,0,40.0,28.0,43
3038351483606,Panzani Pasta Fusilli Tricolore,,"Pasta seca, Pasta de trigo duro",pieza,0,125.0,87.5,79
7501022013861,Pepsi black,,en:refresco de cola,pieza,0,8.88,6.22,91
0738545010030,Salsa La Botanera Clasica,,Salsas de chiles,pieza,0,12.5,8.75,47
7501045401386,Atun aleta amarilla solido en agua,,"Atun en conserva, Atún claro, Animales de aleta, Atún en agua",pieza,0,1.68,1.18,37
7501125174797,Electrolit,,Bebidas energéticas,pieza,0,15.62,10.93,96
7501020513134,Crema fresca,Crema de leche de vaca acidificada,"Nata, fr:Pâtes à tartiner",pieza,0,5.0,3.5,93
7506174512200,Chocolate Milky Way,,"Chocolates, Barritas de chocolate",pieza,0,1.44,1.01,80
7500533000827,Agua purificada,,"Aguas, Bebidas no azucaradas",pieza,0,0.01,0.01,49
7502223776012,Crema de cacahuate cremosa,,Mantecas de cacahuete,pieza,0,34.0,23.8,86
7501058620101,Nescafé Clásico,,"Bebidas, Cafés, Cafés solubles",pieza,0,12.0,8.4,38
7500478010592,Marias,,Galletas,pieza,0,17.7,12.39,83
7501055313068,Coca cola,,"Bebidas de cola, Bebidas azucaradas",pieza,0,18.0,12.6,40
0070847036043,Monster Energy Zero Ultra,,"Bebidas endulzadas artificialmente, Bebidas energéticas",pieza,0,11.83,8.28,26
7501008041000,Cereal Kellogg's Corn Flakes,,Copos de maíz tostado,pieza,0,50.0,35.0,86
7500608000271,Tortitas De Arroz,,"Desserts, Confectioneries, Biscuits, Puffed rice, Puffed rice cakes, es:Arroz integral, es:Galleta integral, es:Galleta-de-arroz-integral, es:Postre saludable",pieza,0,35.0,24.5,95
7501032300265,Bebida Sabor Almendra de California Sin azúcar,,Leches de almendras,pieza,0,23.65,16.55,16
7500810003671,Takis fuego,,Patatas fritas de maíz,pieza,0,7.0,4.9,86
7500810011126,Galletas príncipe,,"Sandwich biscuits, Biscuit with a chocolate bar covering",pieza,0,31.5,22.05,95
7501017006021,Chipotles Adobados,Chipotles Adobados,"Conservas, Chiles, en:Groceries",pieza,0,10.5,7.35,57
7500533003941,Avocado Oil,,Aceites de aguacate,pieza,0,25.0,17.5,73
7503016385091,Granola artesanal,,Muesli,pieza,0,25.0,17.5,56
7500533011359,Miel De Abeja Pura,,Mieles,pieza,0,25.0,17.5,71
0021136010480,Agua Mineral,,"Mineral waters, Undefined",pieza,0,0.02,0.01,92
0096619968312,Arándanos Azules,,"Nuts, aliments-d'origine-végétale, aliments-et-boissons-à-base-de-végétaux, aliments-à-base-de-fruits-et-de-légumes, aliments-à-base-de-plantes-séchées, fruits-et-produits-dérivés, produits-déshydratés",pieza,0,56.7,39.69,65
0757528005047,"Takis, Tortilla Chips, Fuego",,Corn chips,pieza,0,0.35,0.24,90
7501040083617,Queso Panela Rebanadas Cuadradas FUD,Queso Panela,Quesos panelas,pieza,0,75.0,52.5,75
7501000157075,Tostadas onduladas,,"en:Crispbreads, Tostadas de maíz",pieza,0,36.0,25.2,25
7501017005611,Pure de tomate,PURE DE TOMATE CONDIMENTADO,"Tomate natural triturado, en:groceries",pieza,0,21.0,14.7,56
7501052472133,Catsup,,"Kétchups, en:groceries",pieza,0,97.0,67.9,87
7501055307906,Agua purificada Ciel,Agua purificada,"Aguas, Bebidas no azucaradas",pieza,0,7.2,5.04,60
7501055358885,Fuze Tea Té Negro,Bebida Azucarada Sabor Té Negro y limón,"Plantas para infusiones, Tés negros, Tés helados, Bebidas azucaradas",pieza,0,15.0,10.5,90
7501071307782,Frijoles refritos Bayos Isadora,Frijoles Isadora,"Alubias, Frijoles refritos",pieza,0,64.5,45.15,85
8002590055417,Cantuccini dark chocolate,,"Confectioneries, Cantucci, es:Galletas con chispas de chocolate",pieza,0,5.25,3.67,74
7501006584028,Salsa BBQ Original,,Salsa barbacoa,pieza,0,62.0,43.4,56
0070272232027,Crema batida Reddi Wip original,,"Confectioneries, Whipped creams, es:Crema",pieza,0,18.4,12.88,60
7501008001622,Extra arandano con almendras,HOJUELAS DE MAIZ CON SABOR A CACAHUATE MEZCLADAS CON ARANDANOS Y ALMENDRAS,Cereales y derivados,pieza,0,42.0,29.4,77
0094331421313,Oats Avena,HOJUELAS DE AVENA,"Copos de avena, Avena sativa",pieza,0,40.0,28.0,59
7501052474069,Mermelada de fresa,Mermelada de Fresa,Mermeladas y confituras de fresa,pieza,0,27.0,18.9,68
7501020537970,MANTEQUILLA SIN SAL,MANTEQUILLA,Mantequillas,pieza,0,9.0,6.3,50
7501032398255,Activia Ciruela Pasa Danone,Probiótico actirregularis sabor ciruela pasa,"Bebida lácteas, Yogures de frutas, Yogures de sabores",pieza,0,22.5,15.75,31
0041789001918,Maruchan Instant Lunch Sabor a Pollo,Pasta de harina de trigo precocida para preparar sopa sabor pollo,"Pastas alimenticias, Sopas deshidratadas, en:Instantáneos",pieza,0,6.4,4.48,31
7501031311682,Pepsi 1.5,Refresco sabor Cola,"Bebidas endulzadas artificialmente, Bebidas de cola, Bebidas azucaradas",pieza,0,0.04,0.03,74
7501055321681,Coca Cola Sin Azúcar,Bebida sabor cola,"Bebidas endulzadas artificialmente, Bebidas de cola, Refrescos",pieza,0,0.07,0.05,43
7501017004423,Frijoles Negros Refritos,frijoles negros refritos en conserva.,"Productos a base de carne, Comidas preparadas en conserva, Comidas con cerdo, Alubias negras, Alubias cocidas en conserva, Frijoles refritos",pieza,0,87.0,60.9,33
7501340700016,Salsa Picante,,"Salsas de chiles, en:groceries",pieza,0,0.03,0.02,94
0735051016372,Tomato Ketchup,,"Comidas preparadas en conserva, Kétchups, en:groceries",pieza,0,39.7,27.79,97
7501058616470,Nescafé decaf,,"Beverages, Decaffeinated instant coffees",pieza,0,18.0,12.6,73
7501079700011,Puré de tomate,,"Salsas de tomate, en:groceries",pieza,0,25.9,18.13,14
7501020545210,Leche,,Leches,pieza,0,39.0,27.3,90
0658480001552,Tostadotas de maiz blanco horneadas,,"Breads, Crackers (Appetizers), Aperitivos, Botanas, Snacks-salados",pieza,0,302.4,211.68,75
7503010287247,Aceite de aguacate,,Avocado oils,pieza,0,6.0,4.2,71
7501005110242,Maizena fécula de maiz,,"Almidón de maíz, 1794",pieza,0,9.5,6.65,16
0658480001347,Tostadas de maíz horneadas,,"Crisps, Toasts",pieza,0,36.0,25.2,69
0044000043148,Original Chocolate Chip Cookies,,Biscuits,pieza,0,0.05,0.03,70
7622210833662,Galleta oreo,,Chocolate sandwich cookies,pieza,0,11.4,7.98,96
7501058652652,Fitness Original,,Mezclas de copos de cereales,pieza,0,25.0,17.5,78
7501055300594,Coca cola,,Bebidas de cola,pieza,0,0.15,0.1,41
7501039127285,Aceite de Oliva Extra Virgen,,Aceites de oliva virgen extra,pieza,0,6.25,4.38,43
0021000026272,macaroni & cheese sauce mix,,"Pastas, Soups, Macaroni and cheese",pieza,0,25.0,17.5,77
7501039122846,aceite nutrioli,,Aceites de colza,pieza,0,25.0,17.5,95
7501000911783,7501000911783,,Cafés,pieza,0,1.4,0.98,56
7898024397915,Nutella B-Ready,,"Confectioneries, Hazelnut cream stuffed wafers",pieza,0,2.2,1.54,82
7501039122099,sabrosano,,Aceites y grasas,pieza,0,21.25,14.87,14
7503029151058,Hogaza Blanca Con Masa Madre,,Pains,pieza,0,25.0,17.5,92
0724836088024,Pekin salsa soya,,"Salsas para mojar, Soja, Salsas de soja, Fermentado",pieza,0,8.88,6.22,66
7501639308428,Bebida orgánica sabor almendra,,"Boissons aux légumes, Boissons végétales de céréales",pieza,0,0.03,0.02,56
0013602000200,Polvo para hornear,,Baking powders,pieza,0,10.0,7.0,47
7501030418399,Donitas espolvoreadas,,Pan Dulce,pieza,0,14.0,9.8,60
7500810014721,Barritas Fresa,,"Confiseries, Barres",pieza,0,25.0,17.5,92
7503041627005,CACAO EN POLVO NATURAL,,"Chocolates negros, Cacaos en polvo",pieza,0,0.1,0.07,10
7501040027499,Salchicha para hot dog de pavo,,"en:Turkey preparations, salchicha de pavo",pieza,0,25.0,17.5,41
7501013106954,Jugo Verde Jumex,,"Zumos de frutas, Jugo verde",pieza,0,24.0,16.8,33
7503002671627,Yogurt natural orgánico,Yogurt natural flor de alfalfa,"Yogures naturales, Quesos españoles, Yogures estilo griego",pieza,0,0.1,0.07,75
7500810022702,Pan De Centeno,,Wholemeal breads,pieza,0,18.0,12.6,18
0675625397189,Hojuelas de Avena Germinada,,"Rolled oats, es:Hojuelas de avena",pieza,0,25.0,17.5,55
0850045609276,Crema De Cacahuate Orgánica,,Peanut butters,pieza,0,25.0,17.5,100
0724869007641,Mazapan Untable,,Confectioneries,pieza,0,18.0,12.6,40
7622210575395,Chopeo espacial,,Galletas,pieza,0,25.2,17.64,74
7501055305339,Coca Cola Light 600,Bebida sabor cola,Bebida de cola light,pieza,0,18.0,12.6,45
0014100074120,Milano Dark Chocolate,sweet cookie with dark chocolate cream filling.,Filled biscuits,pieza,0,0.18,0.13,54
7500608000882,Cacao en polvo,Cacao en polvo,"Cacaos en polvo, Nueces en polvo, Polvos vegetales",pieza,0,20.0,14.0,20
7501003308351,Ad. Mayonesa McCormick Light 315g,,Mayonesas ligeras,pieza,0,31.5,22.05,17
7501077400050,Harina de Maíz Nixtamalizado,Harina de maíz,"Cereales para el desayuno, Harinas de maíz",pieza,0,20.0,14.0,32
8411320334027,"El Velero, Atún Aleta amarilla imp",,Thons pales à l'huile d'olive,pieza,0,11.2,7.84,39
7500608000318,Galletas de maíz con quinoa,Galleta de maíz con arroz y quinoa,"Galletas, Cereales inflados, Tortitas de maíz, Tortitas de arroz, Galletas-arroz-y-quinoa",pieza,0,34.0,23.8,19
7501040097539,Yoghurt griego natural sin azúcar,,"Yaourts natures, Yaourts à la grecque",pieza,0,44.2,30.94,64
7501008066263,kellogg-s,,Copos de cereales,pieza,0,25.0,17.5,66
7506495012694,Aceite de Oliva,,Aceites de oliva virgen extra,pieza,0,12.5,8.75,49
7500810020920,Donitas espolvoredas,,"Dulces, Panes, Bolleria, Bizcocho, Donas espolvoreadas, Donitas, Pan dulce",pieza,0,5.25,3.67,100
0196633854308,Pechuga Pavo Kirkland,,Pechuga de pavo,pieza,0,56.7,39.69,47
7500810032978,Pan Bimbo Chico,,Breads,pieza,0,18.0,12.6,99
0096619813896,Miel De Abeja Kirkland,,Honige,pieza,0,25.0,17.5,75
0076840100583,Helado Chocolate Chip Cookie Dough Ben & Jerry´s,"Vanilla ice cream with gobs of chocolate chip cookie dough, chocolate chip cookie dough",Ice cream tubs,pieza,0,14.19,9.93,33
0076840100156,Helado Cherry Garcia Ben & Jerry´s,,Ice creams,pieza,0,25.0,17.5,42
0078742283357,Parmesan Cheese,,Pasteurized cheeses,pieza,0,17.0,11.9,47
0605388187888,Finely Shredded Fiesta Blend Cheese,,Pasteurized cheeses,pieza,0,22.7,15.89,34
0658480002344,Salmas Horneadas de maiz azul,SALMAS HORNEADAS,"Panes, Tostadas de maíz",pieza,0,12.6,8.82,70
0758104001712,Bonafont el agua ligera,Agua purificada,"Aguas, Purified water",pieza,0,7.2,5.04,57
0793573950079,res cola mr,,Bebidas de cola,pieza,0,18.0,12.6,54
7501000662654,Habaneras integrales,"Galletas de harina de trigo, salvado y germen",Galletas,pieza,0,11.7,8.19,78
7501005106801,Fécula de maiz para preparar atole fortificado sabor fresa,Fécula de maíz,"Almidón de maíz, féculas",pieza,0,4.7,3.29,93
7501020514537,Queso Panela reducido en grasa,Queso panela bajo en grasa,Quesos panelas,pieza,0,100.0,70.0,87
7501008042342,Cereal Corn Flakes Kelloggs 300GR,Hojuelas de maíz,Copos de maíz tostado,pieza,0,30.0,21.0,95
7501017005062,Nachos de jalapeno imp,Nachos de jalapeño en escabeche,"Congelados, Aperitivos, Chiles, en:Groceries",pieza,0,22.0,15.4,18
7501017005925,Salsa verde la Costeña,,"Epices, Sauces chili, Salsas verdes, en:Groceries",pieza,0,25.0,17.5,67
7501030461463,Tortillinas Integrales,Tortillas de harina de trigo integral,"Panes integrales, Tortillas",pieza,0,25.5,17.85,27
7501073800908,Agua mineral de Manantial Peñafiel,Agua mineral Peñafiel,"Sodas, Aguas minerales carbonatadas, Bebidas azucaradas",pieza,0,0.06,0.04,34
7501086801121,Epura agua embotellada,agua embotellada,"Bebidas no alcohólicas, Aguas",pieza,0,7.2,5.04,68
7501125104268,Electrolit,,Bebidas energéticas,pieza,0,25.0,17.5,89
7502224040693,Lomo de atún aleta amarilla en agua,Lomo de atún aleta amarilla en agua,"Atunes, Atún en agua",pieza,0,0.84,0.59,39
7503013543050,Tostadas de maíz horneadas,Tostadas de maíz con nopal,"Pan tostado, en:Crispbreads, Mexican food",pieza,0,20.0,14.0,66
8411145202549,Palitos con aceitunas negras,,Breadsticks,pieza,0,5.0,3.5,26
8412170017603,Calci Avena,bebida de avena con calcio y vitamina D.,en:Unsweetened plain oat-based drinks,pieza,0,0.03,0.02,59
0061243710651,Raincoast crisps : craquelins aux canneberges et aux noisettes,Galletas lesley stowe raincoast crisps con arándano y avellana,"Appetizers, Biscuits",pieza,0,37.5,26.25,27
0078742375540,Café Liofilizado Members Mark,,"Cafés solubles, en:Arabica coffee beans",pieza,0,30.0,21.0,38
7501010407856,Café Colombiano,,"Bebidas, Cafés, Cafés solubles",pieza,0,20.0,14.0,59
75038458,Pica fresa,,Confiseries,pieza,0,25.0,17.5,92
0014100074649,STRAWBERRY COOKIES,GALLETAS CON MERMELADA DE FRESA,Biscuits,pieza,0,47.75,33.42,26
7501001604318,Salsa tipo inglesa,Salsa inglesa,en:Worcestershire sauces,pieza,0,25.0,17.5,32
7501040001161,Fud pechuga de pavo,Jamón estilo virgina de pavo,"Refrigerados, Salchichas, Carnes congeladas, Perritos calientes, Pechuga de pavo, Carne de aves, Carne de pavo",pieza,0,25.0,17.5,46
7501011390492,SALSA ESTILO ITALIANA,SALSA ESTILO ITALIANA,"Salsas de tomate frito, en:Pimented tomato sauces, en:Groceries",pieza,0,68.0,47.6,52
7501018203849,Salsa Tipo Catsup Tetrabrick,SALSA DE TOMATE,"Salsas de tomate, en:Groceries",pieza,0,0.1,0.07,12
0078742091952,MUSTARD YELLOW,MOSTAZA,"Yellow mustards, Groceries",pieza,0,39.7,27.79,12
7501040092886,Yoplait Griego,Yoghurt griego con fresas,"Yogures endulzados, Yogures estilo griego",pieza,0,22.0,15.4,94
7501013610024,Mantequilla Gloria sin sal,MANTEQUILLA,Mantequillas,pieza,0,9.0,6.3,89
7501032395599,Oikos con fresa,Yoghur estilo griego sabor fresa,"Yogures de sabores, Yogures estilo griego",pieza,0,15.0,10.5,32
7501040093142,Yoghurt Griego natural bajo en grasa,Yoghurt natural estilo griego,"Yogures naturales, Yogures estilo griego",pieza,0,44.2,30.94,46
7501040095535,Yoplait Griego Natural,"Yoghurt estilo griego natural, bajo en grasa sin azucar","Yogures naturales, Yogures de sabores, Yogures estilo griego",pieza,0,14.5,10.15,23
7501040095320,Yoplait Griego sabor coco,"Yoghurt estilo griego sabor coco, sin azucar añadida y bajo en grasa","Yogures de sabores, Yogures estilo griego",pieza,0,14.5,10.15,66
7501055304721,AGUA CIEL,Agua purificada,Aguas minerales,pieza,0,0.02,0.01,75
8711200408153,Mayonesa Vegana,Salsa tipo mayonesa,"Mayonesas, Mayonesas sin huevo",pieza,0,7.0,4.9,93
7501011111028,Rancheritos,Totopos de maíz nixtamalizado con chile y especias,Aperitivos,pieza,0,6.0,4.2,54
7501073839854,Peñafiel,Agua mineral sabor naranja,"Aguas, Sodas a base de frutas, Bebidas azucaradas",pieza,0,18.0,12.6,73
3161712996146,Bongrain Cheese Brie Bongrain Softy,,"Bries, Fromages pasteurisés",pieza,0,12.5,8.75,63
7501040095290,Yogurt Griego sabor fresa deslactosado,,"Laits, Yaourts aux fruits, Yaourts à la grecque, es:Derivados de la leche",pieza,0,22.0,15.4,10
0863699000191,Aceite de aguacate,,Avocado oils,pieza,0,6.0,4.2,99
7501055328345,Coca-Cola,,Colas,pieza,0,18.0,12.6,34
7501008007884,All Bran Flakes,cereal de salvado de trigo,Cereales para el desayuno,pieza,0,25.0,17.5,63
0608875005979,heinz,,"Kétchups, en:groceries",pieza,0,25.0,17.5,64
7501005180306,Caldo de pollo,Caldo de pollo en cubos,en:Poultry broth,pieza,0,0.2,0.14,96
0032239052017,Nectar de durazno,,Néctares de frutas,pieza,0,10.33,7.23,14
0608875005146,TOMATO KETCHUP,,en:Tomato Ketchup,pieza,0,62.0,43.4,12
7501040091476,Yoghurt Griego Sabor Natural,,Yogures estilo griego,pieza,0,0.1,0.07,60
0064144030323,Aceite en aerosol,,"Canola oils, es:Oil, es:Spray-oil",pieza,0,17.0,11.9,71
7506174512248,Snickers almendras,,"Dulces de chocolate, Barritas",pieza,0,4.8,3.36,41
7501008023815,Corn flakes El Original,,"Cereales en grano, Copos de maíz tostado",pieza,0,86.0,60.2,50
7500478018192,Saladitas Galleta salada,,"Galletas, en:Small Crackers",pieza,0,4.2,2.94,82
7861002900117,Ferrero roche,,Bonbons,pieza,0,10.0,7.0,68
7500478016587,Churrumais,,Abarrotes Generales,pieza,0,25.0,17.5,76
0096619605798,Cashews,,"bulk, Salted nuts, Roasted cashew nuts",pieza,0,4.5,3.15,74
0759686272682,Pintoazul,,Sucettes,pieza,0,1.4,0.98,21
0735257002513,D'Gari Fresa,,Gelatina,pieza,0,25.0,17.5,55
7501071120183,Quitased Squirt - El de toronja,,"Bebidas endulzadas artificialmente, Sodas",pieza,0,18.0,12.6,17
8719200450615,Margarina Iberia 4 en 1 sin sal,,"Untables salados, Margarinas, Mantequila sin sal",pieza,0,9.0,6.3,24
8423207210850,Tortitas de arroz integral con chocolate negro 0%,Tortitas de arroz integral,"Suplementos dietéticos, Tortitas de arroz con chocolate negro, Tortitas de arroz integral",pieza,0,0.97,0.68,24
0031200012104,cranberries deshidratados,Dried Cranberries,Dried cranberries,pieza,0,4.8,3.36,59
7501045404288,Atún en hojuelas en agua con aceite,Atún en hojuelas en agua con aceite,Atun en conserva,pieza,0,1.56,1.09,70
0633148100617,Fruity chamoy hot sauce with lime,,Hot sauces,pieza,0,0.38,0.27,72
7506105606077,Trident Freshmint,,"Chicles sin azúcar, Chile sin azucar",pieza,0,25.0,17.5,84
7501030474739,Tostadas,,Pan tostado,pieza,0,32.4,22.68,88
7501791608664,Aceite de Aguacate,,Avocado oils,pieza,0,6.0,4.2,52
7501071308604,Frijoles negros refritos,Frijoles negros Isadora refritos,"Alubias, Frijoles refritos, Frijoles Instantáneos",pieza,0,64.5,45.15,34
7501020565782,Alimento líquido Lala Vita coco,,Bebidas de coco,pieza,0,0.03,0.02,34
0096619016211,Barras de proteína sin gluten,,Bars,pieza,0,25.0,17.5,58
7501069213811,Hot cakes tradicionales,,"Harinas de origen vegetal, Panes, Mezclas para postres",pieza,0,25.0,17.5,35
7501491062964,Aceite comestible puro,,Abarrotes Generales,pieza,0,25.0,17.5,70
7501008049723,Extra sabor chocolate con almendras,,Céréales pour petit-déjeuner,pieza,0,14.7,10.29,30
7501003305428,Aderezo light de mayonesa,Aderezo de mayonesa McCormick light con limón,Mayonesas,pieza,0,21.0,14.7,92
7501518492545,Sabori pierna extrafino,,jamón,pieza,0,25.0,17.5,75
7500810011508,Hot Potato Chips,,Potato crisps,pieza,0,16.0,11.2,37
7503000555011,Huevo Blanco,,Huevos,pieza,0,25.0,17.5,51
7501040023965,Pechuga de pavo receta original,,Turkeys,pieza,0,25.0,17.5,49
0750005020878,Pan Fibra y Sésamo,,Breads,pieza,0,18.0,12.6,76
7501003308535,Aderezo McCormick chipotle 310 g,,"Aderezos para ensaladas, Mayonesas",pieza,0,31.0,21.7,85
0014100079521,CHESSMEN COOKIES,,Biscuits,pieza,0,47.75,33.42,38
4901515359040,Soupe Tofu Miso Instantanée KIKKOMAN 30G Japon,,"Surgelés, Soupe miso",pieza,0,3.0,2.1,94
0681131077637,Arándanos,Mezcla deliciosa de arándanos endulzados y deshidratados,"Frutas del bosque, Arándanos secos",pieza,0,0.1,0.07,13
7501055916030,Crema Deslactosada,,Abarrotes Generales,pieza,0,10.65,7.46,56
7501008019450,Choco Krispis,,Cereales para el desayuno,pieza,0,3.8,2.66,95
0606541931843,Original Multi-Grain Baked Crackers,,"Aperitivos, Galletas, galletas saladas multigrano",pieza,0,25.0,17.5,67
0041800227006,Welch´s 100% White Grape Juice,,Grape juices,pieza,0,0.05,0.03,60
7501008066324,Cornpops,,Breakfast cereals,pieza,0,45.0,31.5,64
7501020565959,leche semidescremada lala,,"Leche semidesnatada, leche semi descremada",pieza,0,26.0,18.2,32
7502252487064,Leche Avena Vainilla Sin Azúcar Añadida,,Milk substitutes,pieza,0,26.0,18.2,38
7502261264786,Pan Integral,,Panes de molde,pieza,0,160.0,112.0,94
7501040075858,Yogurt griego sin azúcar,,"Plain yogurts, Greek-style yogurts",pieza,0,50.0,35.0,70
7501071301452,Arroz blanco entero Verde Valle,Arroz blanco entero,Arroces,pieza,0,0.1,0.07,68
0076750530326,Google Playstore $200 card,,"en:arts-entertainment, en:gift-cards-certificates, en:gift-giving, en:party-celebration",pieza,0,25.0,17.5,69
7502223775732,Jarabe sabor maple,,"Siropes, Salsas, Edulcorantes artificiales",pieza,0,25.0,17.5,23
7501011143586,Cheetos torciditos,Botana a base de maíz inflado sabor queso picante,en:Puffed salty snacks made from maize,pieza,0,5.8,4.06,64
7501030491668,Pan tostado integral,Pan tostado,"Desayunos, Galletas, Bolleria, Pan tostado, Pan tostado integral, Pastelería, Productos horneadoa",pieza,0,62.5,43.75,68
7502219838809,Avena organica en hojuelas,,Copos de avena,pieza,0,50.0,35.0,65
0884912129512,COCOA PEBBLES,,Puffed cereals,pieza,0,31.1,21.77,93
5201127013101,φουντούκι,,"Chocolate candies, Milk chocolates with hazelnuts",pieza,0,10.0,7.0,59
7622210575609,Galletas Oreo Vainilla,,Galletas,pieza,0,26.25,18.38,33
0074305200007,Vinagre de Manzana Organico,Vinagre de manzana,Vinagres,pieza,0,11.83,8.28,41
7503026364154,Snack botes,,Abarrotes Generales,pieza,0,78.0,54.6,95
7501008073735,Corn Flakes,,Copos de maíz tostado,pieza,0,25.0,17.5,98
7501058628503,Soya tradicional sazonador,,"Especias, Soja, Salsas de soja, Japonés, Sazonador",pieza,0,3.5,2.45,55
0633148101645,Tajin,,Abarrotes Generales,pieza,0,25.0,17.5,68
0840370900506,Queso Parmesano,,"Grated cheese, Parmigiano-Reggiano, fr:Parmesan râpé",pieza,0,25.0,17.5,99
7501227201452,Queso Feta,,Feta,pieza,0,25.0,17.5,58
0014100079477,MILANO MINT CHOCOLATE,,Biscuits,pieza,0,0.21,0.15,45
0021000037445,Parmesano,Parmesano,Quesos,pieza,0,8.5,5.95,58
0031200610331,Classic Light,Jugo de arándano light,"Bebidas a base de frutas, Bebidas endulzadas artificialmente",pieza,0,0.03,0.02,73
0041449300139,Harina preparada para pastelistos sabor mora azul,,"Cakes, Cake mixes",pieza,0,38.4,26.88,19
0073141150057,Pocky Strawberry cream covered Biscuits Sticks,,Biscuits,pieza,0,10.0,7.0,45
0078742091976,MOSTAZA AMARILLA,,"Yellow mustards, Groceries",pieza,0,22.7,15.89,83
0078895128789,SOY SAUCE,,"Soy sauces, Groceries",pieza,0,12.5,8.75,33
0085696608051,"Mori-nu silken tofu, extra firm",,"Meat analogues, tofu",pieza,0,25.0,17.5,97
20293697,Aceitunas de Kalamata,Oliven,Ganze schwarze Oliven,pieza,0,9.25,6.47,29
5053827111188,Céréales Corn Flakes Kellogg's Original,Pétales de maïs dorés au four enrichis en vitamines et en fer.,Corn-flakes,pieza,0,25.0,17.5,11
7501055317653,Powerade Moras,Bebida isotónica sabor moras,"Bebidas endulzadas artificialmente, Bebidas energéticas, Bebidas azucaradas, fr:Bebidas isotónicas",pieza,0,0.03,0.02,56
7501055900046,Alpura semi,Leche Alpura Semi,Leches,pieza,0,0.03,0.02,12
7501000111602,bimbollos para hamburguesas,Pan para hamburguesas,Panes para hamburguesas,pieza,0,112.5,78.75,46
7501020527551,natural'es,,Orange juices,pieza,0,0.03,0.02,74
7501052420172,Frijoles Refritos Bayos Bolsa la sierra verdes,FRIJOLES REFRITOS,"Comidas preparadas, Legumbres secas, Frijoles refritos",pieza,0,70.95,49.66,41
7501054911326,15 Tortillas de Harina,,"Harinas de origen vegetal, Tortillas",pieza,0,31.5,22.05,56
7501057710483,Pechuga de pavo natural Zwan,Pechuga de pavo natural,Pechuga de pavo,pieza,0,25.0,17.5,77
7501073831469,Peñafiel twist,,"Aguas carbonatadas, Agua aromatizada, Aguas minerales",pieza,0,15.0,10.5,98
7501485800114,Amaranto Natural,AMARANTO INFLADO NATURAL,Amaranto,pieza,0,25.0,17.5,30
7622210265999,PHILADELPHIA ORIGINAL,Queso crema,"Quesos pasteurizados, Quesos para untar, Queso crema",pieza,0,9.0,6.3,59
8005121000177,Rigatoni 17,pasta di semola di grano duro.,"Pasta secca, Pasta di grano duro, en:Italian pasta, Rigatoni",pieza,0,12.5,8.75,72
7501008703441,Mexicanas galletas,Galletas,Galletas,pieza,0,33.75,23.62,75
0016000189102,Fruit Roll Ups,Fruit flavored snacks,Gummi candies,pieza,0,0.12,0.08,76
7501071307751,Frijoles bayos bajos en grasa,FRIJOLES BAYOS REFRITOS BAJOS EN GRASA,"Cereales y derivados, Alubias, Leguminosas encurtidas, Frijoles refritos, Enlatados, Frijoles-envasados",pieza,0,64.5,45.15,97
7502223770959,Aceite de Canola,Aceite 100% puro de canola,Aceites de canola,pieza,0,21.12,14.78,11
7501058619211,Coffee mate,,Lácteos,pieza,0,25.0,17.5,67
7501077513941,Queso manchego rebanadas,Queso rebanado,"Leches, Quesos pasteurizados, Queso curado, Derivados de lácteos, fr:Queso manchego rebanado",pieza,0,40.0,28.0,90
7501040003844,Fud Virginia,Jamón de pavo,"Carnes, Refrigerados, jamón cocido",pieza,0,45.0,31.5,27
7501008007860,All-Bran Original,CEREAL DE SALVADO DE TRIGO,en:Wheat bran sticks,pieza,0,46.5,32.55,93
7502252482786,Organic Matcha Tea Powder,Té verde Matcha orgánico,"Tés verdes, Plantas para infusiones",pieza,0,10.0,7.0,48
7501006523966,SALSA CON CHAMPIÑONES,SALSA DE TOMATE CON CHAMPIÑONES,"Puré, Salsas, en:groceries",pieza,0,36.0,25.2,50
8412170014602,Tortita arroz integral sin sal,Tortitas de arroz integral sin sal añadida,"Galletas, Tortitas de arroz integral",pieza,0,13.0,9.1,12
7501052470238,Ranch,ADEREZO PARA ENSALADA ITALIANA BAJO EN GRASA,Aderezos para ensaladas,pieza,0,47.3,33.11,68
0017077103084,Lifeway Fresa,,"Yogurts, Kefir",pieza,0,6.0,4.2,16
7501005151962,Mayonesa Clasica,Mayonesa Clásica con huevos de campo,"Mayonesas, en:Groceries",pieza,0,39.0,27.3,96
7501040092879,"Yogur Griego Frambuesa, Zarzamora, Mora Azul Yoplait","Yogur griego sabor frambuesa, zarzamora y mora azul",Yogures de frutas,pieza,0,22.0,15.4,16
8005121000740,Stelline 74,pasta di semola di grano duro.,"Pasta secca, Pasta di grano duro, en:Italian pasta",pieza,0,50.0,35.0,87
0041789001956,Instant Lunch Con Camarón,pasta de harina de trigo precocida para preparar sopa sabor camarón.,"en:Comidas preparadas, en:Fideos instantáneos, en:Sopas",pieza,0,6.4,4.48,64
7501011127012,Tostitos salsa verde,Totopos de maíz nixtamalizado con chile y especias sabor salsa verde.,"Alimentos de origen vegetal, Patatas fritas de maíz, Salsas verdes, Totopos",pieza,0,6.2,4.34,76
7501011123878,Doritos incógnita,Totopos de maíz nixtamalizado con chiles y especias,Chips fritos,pieza,0,6.1,4.27,35
7501031302741,Pepsi,Refresco sabor cola,"Bebidas endulzadas artificialmente, Bebidas de cola",pieza,0,10.0,7.0,29
0738545010016,Salsa botonera,,"Sauces chili, en:Groceries",pieza,0,25.0,17.5,82
15010087,Cereal Choco Krispis,,"Cereales de chocolate, Ceriales",pieza,0,63.0,44.1,53
7501200483127,Hot cakes harina,,"Harinas de trigo, en:Pastry helpers",pieza,0,35.0,24.5,21
7501055305391,Coca cola light,Refresco de cola sin azúcar,"Bebidas endulzadas artificialmente, Bebidas de cola",pieza,0,18.0,12.6,62
0094331400257,Granola Arándanos y Mora Azul,,Muesli,pieza,0,35.0,24.5,32
7501000112845,Rebanadas Bimbo,Slices of bread filled with vanilla-flavored cream,"Biscuits, Breads, Pastries",pieza,0,13.75,9.62,98
7501761802566,Quaker galleta de avena con chocolate,,Galletas de chocolate,pieza,0,1.8,1.26,70
7501008101049,corn flakes,,"Semillas, Copos de maíz tostado",pieza,0,25.0,17.5,12
7501125104688,Suero rehidratante Electrolit sabor naranja mandarina,,Bebidas energéticas,pieza,0,15.62,10.93,14
7501340700023,Salsa Picante,,"Salsas, en:groceries",pieza,0,25.0,17.5,72
7503005898410,Requesón San Jacinto,,"Quesos de vaca, Refrigerados",pieza,0,50.0,35.0,100
0658480001958,Salmas Horneadas,,"Cereales y derivados, Galletas crujientes, Galletas horneadas, Galletas saladas, Galletas saludables",pieza,0,9.0,6.3,84
7501058642134,Coffee mate vainilla,,Leche condensada,pieza,0,53.0,37.1,78
7501045401423,Atún aleta amarilla en hojuelas en agua con aceite,,"Ensalada de atún, Atún claro, Atún claro en aceite de oliva, Atun-aleta-amarilla, Peces, Peces-en-conserva",pieza,0,1.68,1.18,14
7501045403007,Atún aleta amarilla en agua,Lomo de atún aleta amarilla,Atún en aceite,pieza,0,1.68,1.18,46
0064144030347,Aceite de oliva Antihaderente,Aceite de oliva en spray,"Aceites de oliva virgen, en:Olive oil sprays",pieza,0,25.0,17.5,92
7501001604110,Maggi Juice,,en:Chicken seasoning,pieza,0,5.0,3.5,64
7501055302451,Coca Cola 1L,,"Bebidas endulzadas artificialmente, Bebidas de cola, Bebidas azucaradas",pieza,0,0.03,0.02,16
7501005199292,Caldo de pollo,,"Caldos en cubitos, en:Groceries",pieza,0,25.0,17.5,97
7500463015731,Matcha,,"Tés verdes, en:Matcha",pieza,0,25.0,17.5,55
0014800515329,Clamato,,,pieza,0,25.0,17.5,31
7503008669109,Aceite de coco A de Coco orgánico,,Aceites de coco,pieza,0,10.5,7.35,91
7503013543005,Tortillas Susalia maíz con nopal,,"Dairy substitutes, Breads, Crisps, Corn flakes, es:Tortillas",pieza,0,50.0,35.0,62
7501478412065,Tostadas Norteñas,,"Harinas de maíz, Tostadas-naturales",pieza,0,36.0,25.2,18
0810990006902,Agua De Coco Natural Organica 330 ML.,,Coconut waters,pieza,0,12.0,8.4,55
7501005110389,Maizena,,"Harinas de cereales, Almidón de maíz",pieza,0,16.0,11.2,74
7501055313525,Coca-Cola,,"Bebidas de cola, en:Refrescos",pieza,0,0.04,0.03,32
7501125118562,Electrolit,,en:Serum,pieza,0,25.0,17.5,19
7501902770242,Crema de cacahuete sin azúcar,,"Mantecas de cacahuete, Mantecas de frutos de cáscara",pieza,0,31.0,21.7,92
7501058631961,La Lechera Original,,"Leches, Endulzantes",pieza,0,26.0,18.2,41
7502252482694,NATURE'S HEART - Coco sin azucar,,"Cocos, en:Coconut milks and creams, Natas vegetales para cocinar, Bebidas de coco",pieza,0,23.65,16.55,97
0014563000209,Avena oats,Avena,Copos de avena,pieza,0,0.1,0.07,57
7501031310098,pepsi 3,,"Bebidas de cola, Sodas light, en:Carbonated soft drinks without fruit juice with reduced sugar",pieza,0,0.09,0.06,95
7501020550962,leche 100 sin lactosa con calcio.,leche Lala 100 sin lactosa con calcio.,Leche sin lactosa,pieza,0,26.0,18.2,78
0738545020015,Salsa tipo chamoy,,"Salsas de chiles, Salsas agridulces",pieza,0,25.0,17.5,52
15022527,Té verde Nature's Heart matcha orgánica,,Tés verdes,pieza,0,10.0,7.0,13
7501020561234,Yogurt Lala Piña Coco,,Yogures,pieza,0,22.0,15.4,99
7506443104426,Bebida de Avena sin azúcar,Bebida vegetal,Bebidas de avena,pieza,0,23.65,16.55,23
7500462648077,Cocoa rice cakes,,Tortitas de arroz,pieza,0,0.05,0.03,15
7500533001480,Bebida almendra,,Leches de almendras,pieza,0,0.05,0.03,80
0038000184949,Crema y Cebolla,botana crujiente a base de papa sabor a crema agria y cebolla.,"Chips de patatas fritas con sabores, Chips de patatas fritas en aceite de girasol, en:Stacked extruded potato crisps",pieza,0,12.4,8.68,69
7502261263130,BURST,,Abarrotes Generales,pieza,0,25.0,17.5,63
7502261263529,Lancelot chocolate oscuro,,Chocolates,pieza,0,18.0,12.6,95
7503013543555,Susalitas Flamas,,Crisps,pieza,0,5.0,3.5,67
7501079700028,Tomates molidos,,Cremas de tomate,pieza,0,25.9,18.13,11
7506495002459,Hojuelas de Avena,,Copos de avena,pieza,0,0.1,0.07,86
7501055330812,Del Valle Fruit,,es:jugo de naranja,pieza,0,0.08,0.06,90
7501013103120,Manzana,,"Nectars de pomme, Jus de pomme",pieza,0,25.0,17.5,33
7503019292518,Cacao en Polvo Orgánico,,Cacaos en polvo,pieza,0,20.0,14.0,32
7501791614177,Alimento liquido de almendra,,Leches de frutos de cáscara,pieza,0,25.0,17.5,68
7622210561534,Queso crema Philadelphia original,,"Quesos para untar, Queso Crema",pieza,0,18.0,12.6,52
7503027068075,12 GRAIN,,Panes,pieza,0,25.0,17.5,43
0097339000177,Costa Brava Salsa Picante,,Sauces bravas,pieza,0,25.0,17.5,79
7501024530274,Hershey’s zero sugar,,Chocolates negros,pieza,0,25.0,17.5,30
7501071120305,Refresco Squirt sabor toronja,,"Sodas, Bebidas azucaradas",pieza,0,18.0,12.6,42
0608875005177,Tomato Ketchup,,"Kétchups, Salsa Ketchup",pieza,0,0.11,0.08,27
7500478018512,Doritos dinamita Chile y limon,,Patatas fritas de maíz,pieza,0,7.0,4.9,74
7506205807589,Choco milk,,Chocolates,pieza,0,16.0,11.2,48
7501032399863,Bebida sabor soja sin azúcar,,"Soy beans, Fruit and soy beverages, es:Bebida sabor soja",pieza,0,28.38,19.87,80
7500462863272,Galletas con chispas de chocolate sin azúcar,,Biscuits,pieza,0,18.0,12.6,46
7500810000977,Barritas Fresa,,Barritas,pieza,0,25.0,17.5,76
7500462863210,Galleta chocolate,,biscuits,pieza,0,18.0,12.6,61
7503030374583,manita de la suerte,,Abarrotes Generales,pieza,0,25.0,17.5,54
7501020565775,Vita sabor Almendra SIN AZÚCAR SIN ENDULZAR,,Leches de almendras,pieza,0,24.0,16.8,74
7622210571410,Trident xtracare,,Chewing-gum,pieza,0,25.0,17.5,86
75076894,Griego Natural Sin Azucar Bajo En Grasa,,"Yogures naturales, Yogures estilo griego",pieza,0,25.0,17.5,27
7622210558671,Original Philadelphia,,"Quesos para untar, Quesos doble crema",pieza,0,25.0,17.5,40
7501020566581,Yogurt Griego Natural Sin Azucar Bajo En Grasa,,Yogures,pieza,0,25.0,17.5,67
7500810016787,Pan Tostado Brioche,Pan tostado,"Panes de molde, brioche, Almidones, Pan tostado, Pan de Alfacar, Pan salado, Panadería",pieza,0,52.5,36.75,27
7506443107694,Yogurt griego sin azúcar,,"Yogures estilo griego, Deslactosado, Yogurt-griego, Yogurt-griego-sin-azucar",pieza,0,90.0,63.0,46
7501003311450,Mccormick,,Especias,pieza,0,25.0,17.5,15
7502249130621,Brownies con arandanos,,"Galletas, Pasteles",pieza,0,9.0,6.3,89
0051500816264,Mermelada de zarzamora sin azúcar,Zarzamora sin azúcar,Marmalades,pieza,0,36.5,25.55,27
7502252480669,Bebida de Almendra,,Leches de almendras,pieza,0,23.65,16.55,40
7500478026036,7500478026036,,"Aperitivos, Aperitivo-energetico, Botana-frita-de-maiz",pieza,0,7.0,4.9,59
7506306317598,Mayonesa hellmans,,Mayonesas,pieza,0,36.0,25.2,86
7501000142804,DORADITAS TÍA ROSA,TIRAS DORADITAS DE PAN DULCE,"Postres, Harinas de origen vegetal, Panes, Bolleria, Bollos, Hojaldra, Pan-dulce",pieza,0,11.0,7.7,35
7501079704200,Puré De Tomate,,"Canned tomatoes, Tomato pulps",pieza,0,20.0,14.0,78
0096619316274,Jamón,,Jambons blancs,pieza,0,25.0,17.5,72
7501059214385,chocolate nesquik,Chocolate en polvo,"Snacks dulces, Cacaos y chocolates en polvo, Bebidas instantáneas",pieza,0,12.0,8.4,53
7501013105469,Bebida con naranja,,Bebidas con naranja,pieza,0,24.0,16.8,17
7501057711084,Pechuga De Pavo Virginia,,Pavo,pieza,0,25.0,17.5,43
7503008669338,Bebida de coco orgánico,,"Bebidas vegetales, en:Coconut milks and creams, Natas vegetales para cocinar",pieza,0,0.03,0.02,80
7501040095313,Yogurt Griego Sin Azúcar Añadida,,"Yogures bajos en grasa, Yogures estilo griego",pieza,0,25.0,17.5,79
0810757012443,Pan Sin Gluten,,Breads,pieza,0,18.0,12.6,26
7503037074820,Papas Fritas Sabor Miguelito,PAPAS FRITAS CON DULCE EN POLVO ENCHILADO MIGUELITO,"Crisps, botana, miguelito, papas-fritas, sabritas",pieza,0,16.0,11.2,37
7503026409558,On+ Top Peanut Butter,,"Salsas para mojar, Mantecas de cacahuete, Mantecas de frutos de cáscara, Cacahuetes, en:Toppings",pieza,0,44.0,30.8,68
7501000651375,Mamut,Mamut,Galletas,pieza,0,4.4,3.08,80
7501008057032,Choco krispies,,Breakfast cereals,pieza,0,25.0,17.5,87
7501003340153,Mayonesa con jugo de limones,,Mayonesas,pieza,0,0.17,0.12,67
7501030490272,tortillinas,Tortillas de harina de trigo,"Panes, Harinas de trigo, Tortillas, Tortillas de harina",pieza,0,31.0,21.7,32
7501020567915,Naturalés Panela Rebanado,,Quesos,pieza,0,18.0,12.6,43
0608875007713,Heinz Tomato Ketchup,,Ketchup,pieza,0,90.0,63.0,37
7500810024546,Chips fuego,,Appetizers,pieza,0,21.7,15.19,47
7501058652690,Nesquik,,en:Chocolate cereal balls,pieza,0,63.0,44.1,95
0094331043850,Avena Integral,,"Copos de cereales, Avena sativa, avena-integral",pieza,0,0.1,0.07,40
7500478025039,Barra de avena integral 0% chocolate amargo,Barra de avena integral Quaker línea 0% sabor chocolate amargo 115 g,"Cereales para el desayuno, Barritas de cereales, Postres de chocolate, Chocolate con leche y avellanas, Barra con chocolate, Barra de avena, Barras de avena, Barras de avena con chocolate, Barras energéticas, Postre dulce, Postre saludable",pieza,0,3.45,2.42,65
7501020561142,durazno,,Yogurt drinks,pieza,0,22.0,15.4,28
7501040098116,Griego Fresa,,Greek-style yogurts,pieza,0,12.0,8.4,12
0758104008391,Levite fresa,,Aguas,pieza,0,0.03,0.02,51
7500810025024,Galletas De Arroz Y Quinoa,,Galletas,pieza,0,18.0,12.6,84
0055000204033,Perrier Source,,"Eaux gazeuses, Eaux minérales",pieza,0,25.0,17.5,16
7501008066386,Froot Loops,,Cereales para el desayuno,pieza,0,38.0,26.6,12
7501020565799,Bebida sabor avena sin azúcar sin endulzar,,"Bebidas a base de verduras y hortalizas, Bebidas de avena, Copos de avena, Avena",pieza,0,24.0,16.8,65
7500525495938,avena natural,,Avena,pieza,0,0.1,0.07,52
7501003111739,Mayonesa roja,,"Tipo de producto incorrecto, Mayonesas, en:Non-open-products-facts, en:Open-food-facts",pieza,0,25.0,17.5,87
7506495010874,Aceite Comestible Puro de Soya,,aceite comestible,pieza,0,20.0,14.0,91
7502223772519,Aceite comestible puro de soya,,Abarrotes Generales,pieza,0,25.0,17.5,63
7502261263918,Leche deslactosada,,Leche sin lactosa,pieza,0,26.0,18.2,93
7501058648020,nescafe Secad,,"Cafés, Cafés solubles",pieza,0,25.0,17.5,55
7501517601153,Ghee,,バター,pieza,0,25.0,17.5,34
0633148101584,Tajín Chile Clásico,,Spice Mix,pieza,0,8.0,5.6,47
0018627703488,Golean Toasted Berry Crisp,,"Breakfast cereals, Cereal grains",pieza,0,39.7,27.79,92
0037600110877,SKIPPY CREAMY,,"Legumes, Vegetable fats, Peanut butters, Nut butters, Crema de cacahuates, Crema de untar",pieza,0,46.2,32.34,75
0644209307579,Duncan hines,,"Cereal flours, Cakes, Cake mixes",pieza,0,43.2,30.24,80
0658480002368,Salmas,SALMAS HORNEADAS CON CHÍA,es:Tostadas de maíz,pieza,0,12.6,8.82,85
0684576000048,Jaztea,Té de Jazmín,Bebidas azucaradas,pieza,0,12.5,8.75,56
0725226066660,Candy Hot and Salted Tamarind Pulp,Dulce de tamarindo salado y enchilado,"Golosinas, Dulces de frutas",pieza,0,1.4,0.98,31
5053827184717,Kelloggs rice krispies,,"Riz soufflé nature, en:Aliments d'origine végétale, en:Aliments et boissons à base de végétaux, en:Céréales et dérivés, en:Céréales et pommes de terre, en:Céréales pour petit-déjeuner, en:Céréales soufflées, en:Grains soufflées, en:Petit-déjeuners",pieza,0,37.5,26.25,69
7501040083716,Queso panela,Queso Panela,"Quesos pasteurizados, Quesos panelas",pieza,0,50.0,35.0,22
75014339,Salsa de tomate Catsup,Salsa catsup,"Kétchups, en:groceries",pieza,0,22.0,15.4,66
7622210827951,Ritz mini rollos,Galleta saladas,Galletas,pieza,0,30.8,21.56,86
7501000138944,sponchy,"Galletas con malvavisco, coco y decorado de fresa",Galletas,pieza,0,12.0,8.4,64
7501000111695,Súper Bimbollos,BOLLOS,"Panes para hamburguesas, Bollos",pieza,0,120.0,84.0,45
7501000984770,Agua especial para bebé,Agua,Aguas,pieza,0,0.05,0.03,69
7501005106979,Atole sabor vainilla,Fécula de maíz,"Almidón de maíz, Fécula de maíz",pieza,0,4.7,3.29,47
7501020513295,Queso Cottage,,Quesos,pieza,0,35.0,24.5,30
7501008041291,Froot Loops,,en:Extruded cereals,pieza,0,25.0,17.5,54
7501011131064,Doritos Nachos,Totopos de maíz nixtamalizado con chile y sabor queso,Patatas fritas de maíz,pieza,0,14.6,10.22,40
7501020537123,yogurt natural,Yoghurt Sin Azucar,Yogures naturales,pieza,0,90.0,63.0,55
7501017005321,Elote dorado,Elote en grano,Verduras y hortalizas en conserva,pieza,0,22.0,15.4,98
7501037217179,Lol-Tun,,"Sauces chili, en:Groceries, Chile habanero",pieza,0,15.0,10.5,39
7501052420165,Frijoles Negros Refritos,FRIJOLES REFRITOS,"Comidas preparadas, Semillas, Frijoles refritos",pieza,0,64.5,45.15,83
7501055305629,Sprite 600,Sprite,"Bebidas de cola, Bebidas azucaradas",pieza,0,15.0,10.5,27
7501059278868,La Lechera,Leche condensada parcialmente descremada azucarada pasteurizada,"Leches, Leches evaporadas",pieza,0,6.6,4.62,76
7501059296367,Cacao,Chocolate,"Bebidas, Desayunos, Cacaos en polvo, Chocolates en polvo, Saborizantes",pieza,0,35.7,24.99,62
7501158414501,Leche Deslactosada,Leche Deslactosada San Marcos,Leche sin lactosa,pieza,0,26.0,18.2,62
7502249131789,PANECILLOS DE SALVADO CON ARANDANOS TAIFELD'S,PANECILLOS DE SALVADO CON ARÁNDANO,PANECILLOS,pieza,0,60.0,42.0,90
7503001189413,Miguelito Chamoy Powder Mix - 8.8 Oz,,"Mélanges d'épices, en:groceries",pieza,0,25.0,17.5,31
7503006575709,Acapulcoco,Agua de coco sabor,Agua de coco,pieza,0,8.25,5.77,16
7707211631469,Café Soluble Liofilizado,,"Bebidas, Café de Colombia, en:Freeze-dried instant coffees",pieza,0,0.33,0.23,47
8412170022553,Tortitas de Maiz,Tortitas de maíz ecológicas,Tortitas de maíz,pieza,0,13.0,9.1,58
0014100085539,Flavor blasted xplosive pizza baked snack crackers,Galletas pepperidge farm goldfish flavor blasted xplosive pizza,"Biscuits, Crackers (Appetizers)",pieza,0,46.75,32.73,19
0724865045210,Soles,,Galletas,pieza,0,18.0,12.6,96
7501055908097,Leche Evaporada Deslactosada Alpura,"Leche parcialmente descremada deslactosada, evaporada","Leches, Refrigerados, Leches evaporadas",pieza,0,26.0,18.2,58
7501059240681,Carnation,Leche evaporada,"Leches, Refrigerados, Leches evaporadas",pieza,0,0.1,0.07,58
0076186000011,NOODLES ORIGINAL,Sopa Instantanea,"Cereals and their products, Soups, Instant noodle soups",pieza,0,10.0,7.0,97
7809558101947,Daily Stevia Endulzante Liquido,Endulzante liquido a base de estevia y sucralosa,"Edulcorantes naturales, Edulcorantes de mesa",pieza,0,4.5,3.15,10
7500478007271,Superfoods,"MEZCLA SELECTA DE AVENA, GRANOS Y SEMILLAS",Avena sativa,pieza,0,47.5,33.25,31
0016000457010,barra cinnamon coffe,Soft baked bars with cinnamon,"Confectioneries, Biscuits, Cereal bars",pieza,0,37.75,26.42,31
7501040003035,Pechuga de pollo cuida-t+,Pechuga de pollo sabor rostizado baja en grasa,"Salchichas, Carnes frías, Pechugas de pollo, Salchichoneria",pieza,0,25.0,17.5,48
75003180,Boing,Bebida de uva fortificada con jugo,"Bebidas endulzadas artificialmente, Zumos de pomelo, Bebidas azucaradas",pieza,0,12.5,8.75,51
7501055333868,Del Valle nectar clarificado de manzana,Bebida sabor manzana,"Néctares de manzana, Jugos",pieza,0,0.03,0.02,82
0094331400004,Granola 0%,HOJUELAS DE AVENA SIN AZUCAR,"en:Crunchy mueslis, Mueslis con frutas, en:Mueslis with nuts",pieza,0,35.0,24.5,40
7501518492521,Jamón Virginia de pavo,Jamon tipo virginia,"Carnes, Embutidos, Refrigerados",pieza,0,25.0,17.5,25
0094331198758,Avena integral sabor fresa,HOJUELAS DE AVENA INEGRAL CON TROCITOS DE FRUTA,Cereales y derivados,pieza,0,3.5,2.45,93
7502209115835,Libanius Hummus,Untable de garbanzo y ajonjoli Original,"Untables vegetales, Untables salados",pieza,0,28.0,19.6,19
7501058619228,Coffee mate,sustituto de crema en polvo,"Cafés, Sustituto de crema en polvo",pieza,0,16.0,11.2,10
7501059241060,Cookie Crisp,CEREAL INTEGRAL DE TRIGO Y DE MAIZ EN FORMA DE GALLETAS,Cereales para el desayuno,pieza,0,48.0,33.6,74
0078895130188,Less Sodium Soy Sauce,SALSA DE SOYA REDUCIDA EN SODIO,"Salsas de soja, en:Groceries",pieza,0,12.5,8.75,46
7502252480263,Frutas deshidratadas y nueces Nature's Heart nutty berry mix,,"Semillas, en:fruits-based-foods, Frutos de cáscara, Frutas deshidratadas",pieza,0,7.0,4.9,58
8010532000876,De Nigris Balsamic Vinegar Whute Eagle,Vinagre balsámico de módena,Vinagres balsámicos de Módena,pieza,0,12.5,8.75,51
7501052474076,Clemente Jacques Mermelada de Fresa,Mermelada de Fresa,Confitura,pieza,0,47.0,32.9,82
7501052472119,SALSA CATSUP,SALSA DE TOMATE TIPO CATSUP,"Puré, Salsas de tomate, en:Groceries",pieza,0,68.0,47.6,76
7501003335128,Moztaza,MOSTAZA,"Salsas de mostaza, en:groceries",pieza,0,26.0,18.2,52
7500478004713,Galletas de Avena,Galletas de avena con frutos rojos,Galletas de avena,pieza,0,60.0,42.0,51
7501052414447,CAFE LEGAL,CAFE SOLUBLE,"Cafés, Cafés solubles, Bebidas azucaradas",pieza,0,18.0,12.6,75
7501020552928,Bebida Lala Vita Coco,Bebida sabor coco,Bebidas de coco,pieza,0,24.0,16.8,27
0041390000706,Kikoman,SALSA DE SOYA,"Salsas de soja, en:groceries, Sazonador",pieza,0,6.25,4.38,90
7501025511005,Yakult,Producto a base de leche fermentada con lactobacillus casei shirota,"Bebida lácteas, Bebidas azucaradas, it:lactobacillus-casei-shirota",pieza,0,2.0,1.4,99
7501040090394,Yoghurt Batido Light Natural 1 KG.,yogurt natural,Yogures bajos en grasa,pieza,0,0.03,0.02,76
7501055909537,Crema,"Crema de leche de vaca, acidificada, pasteurizada","Nata, fr:CREMA",pieza,0,11.25,7.87,77
7501040090165,Yoplait frutas y cereales,Yogurt con cereales,"Yogures de frutas, Yogures de sabores",pieza,0,0.1,0.07,33
7501040092855,Yoplait Griego Fresa,Yoghurt estilo griego sabor fresa,"Yogures de sabores, Yogures estilo griego, Yogures con fresa",pieza,0,14.5,10.15,58
7501040095283,Yoplait Griego sabor fresa,"Yoghurt estilo griego, sin azucar añadida, bajo en grasa",Yogures estilo griego,pieza,0,14.5,10.15,91
15010407,Yoghurt griego natural sin azúcar,,Yogures estilo griego,pieza,0,0.1,0.07,69
0078742375533,Café puro soluble,,"Coffees, Instant coffees",pieza,0,25.0,17.5,66
7501071120077,Squirt,Refresco sabor toronja,Sodas,pieza,0,0.06,0.04,30
7501055303786,Fresca Toronja,Refresco sabor toronja,"Sodas, Refrescos",pieza,0,18.0,12.6,65
7891000248362,Kit Kat Chocolate,,en:Chocolate biscuity bars,pieza,0,1.24,0.87,25
7501011101456,Sabritas Originales,Papas Fritas con Sal,Chips fritos,pieza,0,4.2,2.94,58
8414801001494,Ángulo,Queso Fresco Suave,"Quesos, Refrigerados, en:Lácteos Fermented foods",pieza,0,50.0,35.0,23
7501011154902,Pake-taxo Sabritas Botana Mezcladito Mezcladito,"Mezcla de botanas; Rancheritos®, Cheetos® Bolita, Sabritones® y Frit-os.","Chips fritos, Maíz, Patatas, Botanas picantes, Botanas saladas, Papas picantes, Papas saladas",pieza,0,98.0,68.6,84
7501011133884,Sabritas original,Papas fritas con sal,en:Potato crisps with salt,pieza,0,17.0,11.9,91
7500478007981,Queso,,Flavoured potato crisps,pieza,0,20.0,14.0,87
7501006559002,ACT II sabor Natural,palomitas de maíz para microondas sabor natural.,Palomitas de maíz saladas,pieza,0,8.0,5.6,67
7501020556841,Leche deslactosada 45 g de proteína con cacao,Leche parcialmente descremada deslactosada con cacao,"Leche sin lactosa, Batidos, Batidos de chocolate, Batidos nutritivos, Batidos sulces, Sabor a chocolate",pieza,0,8.58,6.01,78
7501058620200,Cafe,,"Beverages, Coffees, Instant coffees",pieza,0,18.0,12.6,67
7501008076521,Barras Kellogg's Rice Krispies Treats,,Barritas de cereales,pieza,0,2.2,1.54,79
0738545010610,La Botanera salsa clásica,,"Salsas de chiles, en:groceries, Salsa picante",pieza,0,19.38,13.57,24
0731082001004,Sardinas en salsa de tomate,,"Sardinas en aceite, Sardinas en salsa de tomate",pieza,0,42.5,29.75,41
8410762002358,Paté Campaña,Paté de hígado de cerdo,"Carne de cerdo, Patés de hígado de cerdo",pieza,0,12.5,8.75,77
0661440000205,Zulka,,Azúcar mascabado,pieza,0,50.0,35.0,29
75020118,Tajín Clásico,,"Mezcla de especias, en:Chili powders",pieza,0,1.0,0.7,71
7500463015717,Cacao nibs,,"Chocolates negros, Chocolate-oscuro",pieza,0,10.0,7.0,15
8410010802006,Aceite de Oliva oil,,Aceites de oliva,pieza,0,18.75,13.12,39
0815099020026,Organic Sea Salt Multigrain Tortilla Chips,,Salty snacks,pieza,0,16.0,11.2,94
7501055361557,Coca-Cola SA 355,,Bebida de cola light,pieza,0,10.65,7.46,63
0608875008222,Mayonesa Heinz Reducida en grasa,,Mayonnaises,pieza,0,39.0,27.3,70
0725181249016,skwinkles salsagheti,,Confiseries,pieza,0,2.4,1.68,77
7501058624130,Nescafe Reserva Xiapan,,"Bebidas, Cafés, Cafés solubles",pieza,0,45.0,31.5,91
0096619000081,Leche Parcialmente Descremada Kirkland,,Leches,pieza,0,98.28,68.8,51
8005121000078,Vermicelli 7,pasta di semola di grano duro.,"Pasta secca, Pasta di grano duro, en:Italian pasta",pieza,0,12.5,8.75,63
75019907,clorests,,Chicles,pieza,0,25.0,17.5,51
7501055900053,Leche Lac Del semi,,Leche entera,pieza,0,26.0,18.2,17
0038000138973,Cheddar & Sour Cream,botana crujiente a base de papa sabor queso cheddar y crema agria.,"Chips de patatas fritas con sabores, en:Potato crisps with salt, en:Stacked extruded potato crisps, Chips de patatas fritas onduladas",pieza,0,0.55,0.39,70
7501055330683,Jugo de naranja del valle 600,,"Bebidas endulzadas artificialmente, Zumos de frutas",pieza,0,15.0,10.5,28
7501045400860,atún en agua,,"Atunes, Enlata",pieza,0,3.54,2.48,23
7501045403182,Lomo de atun agua,,Atunes,pieza,0,0.6,0.42,39
0757528026042,Takis,,Snacks,pieza,0,25.0,17.5,35
0072250023641,hot dog buns,,"Panes especiales, Perritos calientes",pieza,0,25.0,17.5,87
0096619346073,Leche Deslactosada Light,,Lactose-free milk,pieza,0,26.0,18.2,88
7501052411804,Café Soluble Legal,,"Coffees, Instant coffees",pieza,0,8.0,5.6,54
7501003124241,Granos de elote,,"Verduras y hortalizas en conserva, Frutas en conserva, Alimentos-enlatados, Alimentos-enlatados-en-conserva, Elote, Elote-desgranado, Elote-en-conserva, Elote-en-granos, Elotes",pieza,0,40.0,28.0,64
7501003303394,Mayonesa,,"Mayonesas, en:Groceries",pieza,0,22.8,15.96,48
0041789002977,maruchan,,Dehydrated soups,pieza,0,25.0,17.5,43
7501030418542,canelitas,,Galletas,pieza,0,25.0,17.5,48
7500478005512,Crakets,,Abarrotes Generales,pieza,0,25.0,17.5,83
7501020550733,Lala Leche entera,,Leche entera,pieza,0,39.0,27.3,79
7501058645302,Coffee Mate,,"Sustitutos de la leche, Cafés, Bebidas instantáneas",pieza,0,40.0,28.0,86
0740085250135,Chachitos,,Mixed puffed cereals,pieza,0,25.0,17.5,38
7500478015931,Fruts,,Biscuits,pieza,0,18.0,12.6,85
7501039122013,Aceite de oliva,,en:groceries,pieza,0,12.5,8.75,36
7501011143524,Cacahuates Surtido Salado,,"Leguminosas, Cacahuetes tostados",pieza,0,6.5,4.55,66
7503005509088,Vainilla Molina El Papantla original,,"extracto de vainilla, Saborizantes Artificiales",pieza,0,37.5,26.25,54
7500326308529,Sal de Mar Artesanal,,Salts,pieza,0,25.0,17.5,93
7502252482236,Red fruits té,,Thés,pieza,0,25.0,17.5,82
0019521550000,Oro Verde,Aceite de oliva,Aceites de oliva,pieza,0,12.5,8.75,76
7501058656247,chocolate larin con Splenda y almendra,,Chocolates,pieza,0,0.57,0.4,28
7506192507561,Vitaloe con sábila,,"Bebidas a base de frutas, Bebidas endulzadas artificialmente, Bebidas azucaradas",pieza,0,12.5,8.75,84
0070847035916,Bebida energética Monster,,"Bebidas energéticas, Energizante",pieza,0,11.83,8.28,42
7503022581012,Tortillas Delgaditas,,en:Tortillas,pieza,0,25.0,17.5,49
7501020561937,crema reducida en grasa,,"Nata, Leches, Crema, Crema light, Crema-reducida-en-grasa",pieza,0,41.7,29.19,94
7503023812719,Liconsa,,Abarrotes Generales,pieza,0,25.0,17.5,49
0735257003077,Gelatina cero sin azúcar limón,,"Food additives, Jelly desserts, Mixes for jelly desserts, es:Polvo",pieza,0,2.0,1.4,98
7506443104327,Bebida Sabor Soya Con Monk Fruit,,"Boissons aux légumes, Boissons végétales de soja, es:Bebida sabor soja, es:Leche orgánica",pieza,0,23.65,16.55,53
7501071304347,granola branli 5 semillas doypack,,Céréales pour petit-déjeuner,pieza,0,30.0,21.0,89
7500326818219,75,,"Bodybuilding supplements, Vegan Chocalate Protein Powder",pieza,0,25.0,17.5,39
0018804701351,ICEE Mini Jelly beans Sabor mora,,Dulces,pieza,0,25.0,17.5,66
7501791638623,Arroz super extra,,"Arroces, Copos de arroz",pieza,0,90.0,63.0,62
7501003301895,Ajo en polvo,,"Especias, Ajos, Ajo seco molido, en:groceries",pieza,0,7.7,5.39,12
7503031287028,Cajeta quemada,,Süße Brotaufstriche,pieza,0,33.3,23.31,78
0041196116632,CREAMY CHICKEN & MUSHROOM WITH BARLEY,,"Viandes et dérivés, Soupes, Plats préparés en conserve, Plats à la volaille",pieza,0,25.0,17.5,99
7503024085945,La botanera,,"Salsas de chiles, en:groceries, Salsa picante",pieza,0,25.0,17.5,91
7503016385169,Barra de granola,,Barritas de cereales,pieza,0,2.0,1.4,70
7501040095979,GRIEGO,,Abarrotes Generales,pieza,0,25.0,17.5,31
7501041418371,Atun en agua,,Atun en conserva,pieza,0,0.9,0.63,80
7500478027668,Avena Quaker 3 Minutos fortificada,,"Copos de avena, Avena sativa",pieza,0,33.0,23.1,68
7501055300952,coca cola,,Bebidas de cola,pieza,0,18.0,12.6,89
7500478005581,Galletas Gamesa Pan Crema,,Galletas,pieza,0,37.75,26.42,13
7590002012468,VICK VapoRub 50g,,Abarrotes Generales,pieza,0,25.0,17.5,29
7500463890406,Soya Texturizada,,"Carnes vegetales, en:vegano",pieza,0,30.0,21.0,62
7503027974413,Aceite de coco De mi pueblo desodorizad,,Aceites de coco,pieza,0,47.3,33.11,61
7500533003484,Crema de Almendras,,Almond butters,pieza,0,68.0,47.6,18
7501035010260,La Original Sangrita Viuda de Sánchez,,Bebidas vegetales,pieza,0,0.03,0.02,95
7501052419923,Café Garat,,"Beverages, Coffees, Instant coffees",pieza,0,3.75,2.62,42
0808806890425,Mister natural untable de cacahuate,,"Frutos de cáscara y derivados, Mantecas de cacahuete, Crema de cacahuate",pieza,0,84.0,58.8,19
7501013104493,uniko fresco,,"Oranges, Jus d'orange, es:Jugo, es:Jugo de naranja",pieza,0,11.88,8.32,17
7501071304095,Quinoa,,Quinoa,pieza,0,25.0,17.5,70
7501040098109,Griego Sabor Natural,,Yogures estilo griego,pieza,0,12.0,8.4,57
7501022014257,Pepsi kick,,Colas,pieza,0,25.0,17.5,29
7502268541484,Electrolife ZERO Fresa Kiwi,,Beverages,pieza,0,18.0,12.6,50
7501013109757,Bebida con 33% de piña,,Bebidas a base de frutas,pieza,0,0.05,0.03,93
7501008057490,cereal corn flakes,,Copos de maíz tostado,pieza,0,41.0,28.7,10
7503025742144,Granola Gourmet,"Granola de avena con nueces, Semillas y coco tostado",Muesli,pieza,0,0.1,0.07,29
7501379119940,Avena en Polvo Sabor a Chocolate,,Bebidas de avena,pieza,0,12.0,8.4,56
0096619525027,Aceite De Oliva Extra Virgen Orgánico Español,,Olive oils,pieza,0,25.0,17.5,95
7506475114998,Nescafé ICE,,"Bebidas, Cafés, Cafés solubles",pieza,0,17.0,11.9,40
7501032300043,Yogurt estilo griego endulzado,,Yogurts,pieza,0,65.0,45.5,44
7501040027413,Jamón real pavo,,Pavo y sus productos,pieza,0,25.0,17.5,23
7501058631558,Leche evaporada  Carnation,,Leches evaporadas,pieza,0,26.0,18.2,91
7500810007792,Pan cero cero sin harina,Pan cero cero sin harina con granos germinados,"Bolleria, Panes de molde, Panes especiales, Germinados, Panes precocidos, Pan de nueces, Panes de leche, Panes integrales, Pan de caja, Pan germinado, Pan para sandwich",pieza,0,170.0,119.0,60
7503020168215,Mezcla De Frutos Rojos,,"en:fruits-based-foods, Frutas del bosque congeladas",pieza,0,25.0,17.5,55
7506495014957,Galletas de arándano,,Biscuits,pieza,0,18.0,12.6,64
7501639308398,Bebida de coco,,"Cocos, Bebidas de coco, Lacteo-vegetal",pieza,0,0.03,0.02,58
7503025737300,Vegan protein vanilla,,Abarrotes Generales,pieza,0,25.0,17.5,14
7506475112093,LECHERA dulce de leche,,Abarrotes Generales,pieza,0,26.0,18.2,47
7503034937487,60,,Abarrotes Generales,pieza,0,25.0,17.5,96
7503037273377,FITMINGO PROTEÍNA VEGETAL,,Abarrotes Generales,pieza,0,25.0,17.5,74
7503030374019,Crossantines con relleno sabor a chocolate pan dulce,,"Panes, Dulces de chocolate, Bolleria, Leches de almendra en polvo, Bimbo, Pan dulce",pieza,0,0.96,0.67,78
7501041415837,Atún aleta amarilla en hojuelas en agua,ATUN EN AGUA,Atunes,pieza,0,1.68,1.18,10
7500810022733,Bimbollos Parrilleros,,Hamburger buns,pieza,0,172.0,120.4,11
7503037273162,Creatina,,Abarrotes Generales,pieza,0,25.0,17.5,70
7501013105780,Bebida sabor manzana sin azúcar añadida,,"Vegetable-based beverages, Apples, Apple juice concentrates, Beverages from desugared fruit juices, Fruit and soy beverages",pieza,0,0.03,0.02,42
7501054950479,Tortillas ligeras,,"Panes planos, Tortillas de patata",pieza,0,55.0,38.5,66
7501020547054,Light baja en grasa 100% Leche de vaca,,Leches,pieza,0,46.8,32.76,22
7506205807596,Chocolate pantera,Chocolate en polvo,"Bebidas, Desayunos, Suplementos dietéticos, Chocolates en polvo, Saborizantes",pieza,0,10.5,7.35,83
7502268548148,Creatina Monohidratada,,Abarrotes Generales,pieza,0,25.0,17.5,60
0636817014253,Salsa Chipotle Cremosa,,"Salsas para mojar, en:Groceries",pieza,0,42.5,29.75,47
7501013105568,230529,,Abarrotes Generales,pieza,0,25.0,17.5,24
0009800512041,Kinder Chocolate,,"Chocolate candies, Bars, Kinder chocolate",pieza,0,0.05,0.03,57
7500810024553,Chips jalapeño,,Chips de patatas fritas,pieza,0,21.7,15.19,40
7501058624147,Decaf,,"Decaffeinated coffees, Instant coffees",pieza,0,25.0,17.5,38
7503037284168,Chicharron de Garbanzo,Botana,Snacks,pieza,0,60.0,42.0,35
7500810003251,Polvorones,,"biscuits, Mantecados et polvorones",pieza,0,74.0,51.8,79
7503016385183,Cereal Dasavena Quinoa Y Almendras,,Abarrotes Generales,pieza,0,25.0,17.5,16
7501008057247,Zucaritas,,Cereales para el desayuno,pieza,0,25.0,17.5,23
7501055900237,Yoghurt natural sin azúcar,Yoghurt natural,"Yogures naturales, Youghurt",pieza,0,90.0,63.0,20
7501020565225,Queso Panela,,Cheeses,pieza,0,18.0,12.6,40
7506443105911,Yoghurt griego Oikos natural sin azúcar,,"Yogures naturales, Yogures estilo griego",pieza,0,90.0,63.0,46
7501058616715,Nestum,,Abarrotes Generales,pieza,0,25.0,17.5,60
8714599412077,Jacobs,,Cafés,pieza,0,25.0,17.5,27
0758104000159,BONAFONT 1.5 L,Agua purificada,"Bebidas no alcohólicas, Agua aromatizada, Aguas minerales",pieza,0,0.04,0.03,45
7500608001667,Quinoa Rice Cake - Okko - Okko,,Abarrotes Generales,pieza,0,25.0,17.5,69
7502232251715,Huevo san Juan 500 mls,Claras de huevo líquida pasteurizada,"Alimentos frescos, Ayudas culinarias, Productos artesanales, Productos con sal reducida, Claras de huevo, Alimentos con huevo, Claras de huevo líquidas pasteurizadas, Huevo natural, Productos de granja",pieza,0,50.0,35.0,54
7501101556524,Trozos de Pechuga Empanizado,,Abarrotes Generales,pieza,0,18.0,12.6,75
7506495003838,jarabe de maple,,Abarrotes Generales,pieza,0,25.0,17.5,17
7501013106923,Jugo De Toronja Unico Fresco,,Abarrotes Generales,pieza,0,24.0,16.8,15
7501020565355,Lala Bio4,,"Yogures para beber, Probioticos",pieza,0,10.0,7.0,34
7501030418504,Galleta tubo príncipe,,Biscuits,pieza,0,18.0,12.6,59
7501011101678,Sabritas limon,,Chips fritos,pieza,0,4.6,3.22,52
7502271915784,Turín Zero sugar,,Abarrotes Generales,pieza,0,25.0,17.5,96
7501020514520,Panela Cheese Lowfat,,Abarrotes Generales,pieza,0,18.0,12.6,52
7501020566390,Pechuga De Pavo Baja En Grasa 100,,"Pechuga de pavo, Avinos, Baja en grasa, Lala, Productos cárnicos",pieza,0,25.0,17.5,14
7503020964152,Yogurt con lactobacilos fresa soful,,"Yogures, Budín, Budín de fresa, Lactobacilos, Salid intestinal, Saludable",pieza,0,10.5,7.35,32
7501013109689,Pineapple Juice,,Pineapple juices,pieza,0,25.0,17.5,90
7500478037407,7500478037407,,"Chips fritos, Sabritas",pieza,0,25.0,17.5,37
7501200484087,Jarabe sabor maple,,"Syrups, Sugar substitutes",pieza,0,25.0,17.5,90
7506174506674,Chocolates con leche confitados con cacahuate,,Abarrotes Generales,pieza,0,0.62,0.43,31
7500608000622,Matcha,,Tés verdes,pieza,0,25.0,17.5,48
7500463575167,La Fruta del Monje,,"Comida a base de frutas, Fruta-del-monje",pieza,0,30.0,21.0,52
7500810027295,Príncipe,,Galletas,pieza,0,25.0,17.5,53
7503016385176,Dasavena Arándanos y Almendra,,Abarrotes Generales,pieza,0,25.0,17.5,12
7500478044221,Ruffles Queso,,Xips de patata,pieza,0,25.0,17.5,95
7501013107296,7501013107296,,"Zumos de frutas, jugo",pieza,0,25.0,17.5,18
7500464339874,Freelife frutos rojos,,Bebidas,pieza,0,8.88,6.22,90
7500533004436,Jugo de manzana de concentrado orgánico fortificado con Vitamina C,,"Zumos de manzana, Concentrados de jugo de manzana",pieza,0,0.07,0.05,53
7503039263406,Miel orgánica,,Abarrotes Generales,pieza,0,25.0,17.5,88
0074323094169,Chocoretas,,Chocolates,pieza,0,1.0,0.7,75
8076809580656,Pasta Penne,,Abarrotes Generales,pieza,0,25.0,17.5,78
7502261259430,Tortillas de Harina,,Tortillas de harina,pieza,0,55.2,38.64,98
7501006560534,Palomitas Sabor Extra Mantequilla,,Abarrotes Generales,pieza,0,25.0,17.5,73
7506475119399,Cereal De Chocolate,,Abarrotes Generales,pieza,0,18.0,12.6,98
0613008765224,Arizona mucho mango,,Abarrotes Generales,pieza,0,25.0,17.5,72
7501008058008,Cereal Choco Krispis Pops,,en:Chocolate cereal balls,pieza,0,46.0,32.2,80
7506443107687,Yogurt Griego Endulzado deslactosado bajo en grasa,,"Yogures estilo griego, Yogures sin lactosa",pieza,0,90.0,63.0,23
7501055915668,Alpura Vaquitas Chocolate,,Dairy drinks,pieza,0,6.0,4.2,11
7501055337033,Ciel,,Abarrotes Generales,pieza,0,25.0,17.5,38
7622210529688,Halls,,Caramels,pieza,0,25.0,17.5,83
7503039263635,Mermelada de frutos rojos,,"Mermeladas y confituras multifruta, Mermeladas",pieza,0,0.1,0.07,33
7502261252035,Tostadas de Maíz Crujientes,,Tostadas ligeras crujientes,pieza,0,30.0,21.0,84
0096619001996,Pasta De Tomate,,Puré,pieza,0,25.0,17.5,31
0850017983519,Peptides De Colágeno,,Abarrotes Generales,pieza,0,25.0,17.5,30
7501033963483,Similac Total Comfort,,Fórmula infantil,pieza,0,35.0,24.5,99
7501006536942,Elote Dorado En Granos,,Abarrotes Generales,pieza,0,25.0,17.5,88
7502249133141,Galletas De Avena,,Abarrotes Generales,pieza,0,18.0,12.6,27
0031200454560,Cranberry Classic,Jugo de arándanos,"Jugo de arándano, Bebidas azucaradas",pieza,0,0.03,0.02,13
0032239058118,Néctar de mango,Jugo de mango,Néctares de frutas,pieza,0,5.0,3.5,33
0038000845529,Grab and Go Sour Cream & Onion,,Stacked extruded potato crisps,pieza,0,25.0,17.5,28
0041449471549,Harina preparada para pastelitos con arándano y naranja,Muffin mix,"Flours, Cooking helpers",pieza,0,52.7,36.89,49
0061243710958,Raincoast crisps,Galletas con higo y aceitunas,"Appetizers, Biscuits",pieza,0,37.5,26.25,67
0076840529872,Helado Ben & Jerry´s Brownie Batter Core,,"Ice creams and sorbets, fr:Helados de leche",pieza,0,25.0,17.5,27
0078742065915,Deli Style Sliced Low-Moisture Part-Skim Mozzarella Cheese,,"Mozzarella, Pasteurized cheeses",pieza,0,22.7,15.89,20
0078742430331,Jarabe sabor a chocolate,,"Simple syrups, Artificial sugar substitutes",pieza,0,20.4,14.28,53
0085696608037,Mori-nu silken Tofu Soft,,"Meat analogues, tofu",pieza,0,25.0,17.5,99
0097339010015,Salsa Valentina polvo,,"Snacks, Sauces, es:Botana salada, es:Chile en polvo, es:Chile para fruta, es:Chiles para botana, es:Chilito, es:Salsa con limón, es:Salsa en polvo, es:Salsa picante",pieza,0,14.0,9.8,73
01389706,Salsa de Tomate Ketchup sin Sal Añadida,tomato ketchup with no salt added.,Tomato Ketchup,pieza,0,1.4,0.98,33
02297309,Altoids Smalls Sugar-free Peppermint Mints,,Golosinas sin azúcar,pieza,0,1.05,0.73,19
0732494000609,"G.H. Cretors, Popped Corn, Just The Cheese Corn",,"Salty snacks, Sweet snacks, Popcorn",pieza,0,18.4,12.88,97
0789742896507,Nutella,Crema de Avellanas con cacao,"Cremas de cacao y avellanas, fr:Productos",pieza,0,65.0,45.5,98
7501024577057,Jarabe sabor a chocolate,Jarabe,"Dulces, Siropes, Edulcorantes artificiales",pieza,0,13.59,9.51,36
7501055900800,Alpura light,Leche light,"Leches, Leche light",pieza,0,0.03,0.02,79
7501055902378,Forti leche,Forti leche,Leches,pieza,0,26.0,18.2,53
7501000153800,Pingüinos,Pastelitos rellenos de crema dulce,Galletas y pasteles,pieza,0,8.0,5.6,88
7501000111855,Pan Molido Clásico,Pan molido,"Trigos, Harina de trigo integral, Panko, Empanizador, Pan dulce, Pan-molido, Panaderia, Productos pan",pieza,0,52.5,36.75,64
7501000101238,SuperBollos con Ajonjolí,Bollos,Panes para hamburguesas,pieza,0,54.0,37.8,49
7501000633357,Marías,Galletas sabor vainilla y naranja,Galletas,pieza,0,43.2,30.24,54
7501000658923,Galletas Marias 170 GRS,Galletas sabor vainilla y naranja,Galletas,pieza,0,42.5,29.75,84
7501000662616,Habaneras integrales,"Galletas de harina de trigo, salvado y germen",Galletas,pieza,0,46.8,32.76,80
7501001030117,Polvo para hornear,Polvo para hornear,"Levadura en polvo o gasificante, Polvos para hornear",pieza,0,11.0,7.7,93
7501003127235,Salsa mejicana casera,Salsa,"Salsas, en:groceries",pieza,0,21.0,14.7,28
7501003184078,Miel,Miel de abeja,Mieles,pieza,0,30.0,21.0,15
7501020512304,LALA Panela,Panela,Quesos panelas,pieza,0,50.0,35.0,65
7501011135512,Tostitos Salsa Verde,Totopos de maíz nixtamalizado con chile y especias sabor salsa verde.,"Plant-based foods, Salty snacks",pieza,0,24.0,16.8,73
7501017660223,Salsa picante de chile habanero tipo Kutbil Ik,Salsa picante de chile habanero tipo Kutbil Ik,"Salsas de chiles, en:groceries",pieza,0,3.0,2.1,60
7501030424345,Multigrano,Barra multigrano Bimbo,Barritas de cereales,pieza,0,3.4,2.38,45
7501030421221,Pan con Mantequilla y Leche,Pan de harina de trigo con mantequilla y leche,"Panes de molde, Pan de Harina",pieza,0,150.0,105.0,79
7501037217223,Salsa Loltun Habanero Verde 150gr,Salsa de chile Habanero,"Salsas, en:groceries, fr:Chile-habanero",pieza,0,15.0,10.5,40
7501040000126,Pechuga de pavo clásica San Rafael,Pechuga de pavo,Pechuga de pavo,pieza,0,25.0,17.5,56
7501040000300,Jamón de Pavo San Rafael,Jamón de Pavo,"Pechuga de pavo, fr:Jamon de Pavo",pieza,0,30.0,21.0,68
7501035421356,PANECILLOS DE AVENA INTEGRAL TAIFELD'S,PANES DE AVENA INTEGRAL,Panes integrales,pieza,0,67.5,47.25,73
7501052470061,Aderezo para ensaladas Mil Islas,ADEREZOS MIL ISLAS,"Salsas, en:Groceries",pieza,0,5.93,4.15,25
7501054902461,Planitas Horneadas,Tostadas de maíz,"Tostadas de maíz, Tostadas de maíz horneadas, Tostadas horneadas",pieza,0,14.4,10.08,23
7501055350650,Té verde sabor mango y manzanilla,,"Bebidas carbonatadas, Tés verdes, Plantas para infusiones, Tés helados, Bebidas azucaradas",pieza,0,15.0,10.5,77
7501055358892,Fuze Tea Sabor Limón,Té Verde sabor limon,"Bebidas no alcohólicas, Tés verdes, Plantas para infusiones, Tés helados, Bebidas azucaradas",pieza,0,15.0,10.5,78
7501071308598,Frijoles refritos bayos,Frijoles refritos,"Comidas preparadas, Legumbres secas, Frijoles refritos",pieza,0,60.0,42.0,35
7501077400708,Harina de maíz para preparar masa,Harina de maíz,Harinas de cereales,pieza,0,0.1,0.07,32
7501086801077,Epura,Agua purificada,"Aguas, Agua purificada, Bebida natural",pieza,0,0.25,0.17,23
7501952966398,Chile Miguelito el original en polvo,,"Chiles, Salsa Picante",pieza,0,25.0,17.5,29
7502209115521,Jocoque Seco Natural Libanius,Jocoque Seco Natural,Jocoque Seco,pieza,0,25.0,17.5,50
7502223776135,Crema de cacahuete cremosa,"Crema de maní, Crema de cacahuate","Leguminosas, Mantecas de cacahuete, Cacahuetes, Crema-de-cacahuate",pieza,0,42.5,29.75,30
7506205807640,Chocolate en polvo,Chocolate,"Bebidas, Desayunos, Suplementos dietéticos, Chocolates en polvo",pieza,0,10.5,7.35,59
8000320387975,PROMODORINI CHERRY TOMATOES,Kirschtomaten,"Dosentomaten, Kirschtomaten",pieza,0,40.0,28.0,42
8410111603304,Sardinas en aceite de oliva,,Sardines in olive oil,pieza,0,11.5,8.05,17
8412170020726,Tortitas Quinoa,Tortitas de arroz integral hinchado con quinoa Bio,Tortitas de arroz integral,pieza,0,13.0,9.1,18
8412170029774,Alimento Bebible con Almendras,"leche de almendras, sin lactosa y sin gluten, elaborada con ingredientes procedentes de la agricultura ecológica.","Productos sin gluten, Leches de almendras",pieza,0,0.03,0.02,43
8412258303000,Garbanzos cocidos,,Garbanzos cocidos en conserva,pieza,0,57.0,39.9,59
7501059235441,Sta. María,,Eaux minérales,pieza,0,0.03,0.02,79
7501020550955,leche Lala sin lactosa light,,Leche de vaca,pieza,0,26.0,18.2,62
0016000467576,Marshmallow flavored bars,Barra de cereal con malvaviscos,"Cereales para el desayuno, Barritas",pieza,0,19.2,13.44,18
7501057720345,Zwan  Salchicha vienesa,Salchicha tipo viena,"Carnes congeladas, Comidas preparadas refrigeradas, Bocadillos de aves, Salchichas de aves, Bocadillos con jamón y queso emmental, Salchichas vegetales para perritos calientes, Bocadillo de baguette con salchicha merguez, Bocadillos congelados, Bocadillos de salchicha, Salchichas vegetales de tipo Viena, Bocadillos procesados, Bocadillos salsados, Carne procesada, Carnes y sus derivados, Productos cárnicos, Salchichoneria, Salchichones",pieza,0,50.0,35.0,43
7501057720390,Zwan premium salchicha,Salchicha de pavo,"Carnes, Refrigerados, Salchichas",pieza,0,52.0,36.4,72
7501057720147,Zwan premium,Salchicha de pavo,"Carnes, Refrigerados, Salchichas",pieza,0,0.1,0.07,80
7501040003455,Salchicha de pechuga de pavo receta original reducida en grasa,Salchicha de pechuga de pavo,"Refrigerados, Productos cárnicos españoles, Perritos calientes, Pechuga de pavo, salchicha de pavo, Carne de aves, Productos-carnicos",pieza,0,50.0,35.0,25
0041500763668,Mostaza Classic Yellow Botella Plástica 396 GR,MOSTAZA,"Salsas de mostaza, en:groceries",pieza,0,39.7,27.79,63
75003159,Boing! Apple juice,Bebida de manzana fortificada,"Bebidas endulzadas artificialmente, Zumos de manzana, Bebidas azucaradas",pieza,0,12.5,8.75,80
75003135,Boing De Guayaba,bebida de guayaba fortificada,"Bebidas endulzadas artificialmente, Bebidas azucaradas",pieza,0,12.5,8.75,96
7501055359745,100% Orange Juice,Bebida sabor naranja,"Néctares de naranja, Jugos",pieza,0,10.33,7.23,84
7501077506226,QUESO GOUDA NOCHEBUENA,QUESO GOUDA REBANADO,Quesos,pieza,0,40.0,28.0,35
0094331238744,Avena integral instantánea(techo),HOJUELAS DE AVENA CON ARANDANOS,Copos de avena,pieza,0,3.5,2.45,38
7501059243880,Cheerios Manzana Canela,"CEREAL DE MAIZ, TRIGO, ARROZ Y AVENA INTEGRALES CON CANELA SABOR A MANZANA",en:Extruded cereals,pieza,0,48.0,33.6,64
7501059281660,La Lechera Dulce de leche,,"Leches, Dulce de leche",pieza,0,26.0,18.2,69
7501059289819,Fitness,"HOJUELAS DE TRIGO INTEGRAL, ARROZ, MAIZ CON ALMENDRAS Y MIEL",Cereales y derivados,pieza,0,39.0,27.3,45
7501022009321,Pepsi chico,Pepsi,Abarrotes,pieza,0,25.0,17.5,97
7500533004191,Leche Deslactosada,Member's Mark,beverages-and-beverages-preparations,pieza,0,18.0,12.6,44
7500478044283,Bolzaza Cheetos flamin hot,Bolzaza,fried-foods,pieza,0,25.0,17.5,70
7501013104073,Jumex Manzana 960ml,Genérico,Abarrotes,pieza,0,25.0,17.5,46
7501020565942,"Leche parcialmente descremada ultrapasteurizada adicionada con vitaminas A y D, baja en grasa",Lala,dairies,pieza,0,26.0,18.2,48
7501008057292,Zucaritas,Kellogs,plant-based-foods-and-beverages,pieza,0,18.0,12.6,50
7501518476354,QUESO PARMESANO,PARMA,dairies,pieza,0,26.0,18.2,45
7500478022502,Galletas tipo sándwich con relleno sabor limón,Emperador Piruetas,Abarrotes,pieza,0,18.0,12.6,84
7506475111546,Cereal Trix,Nestlé,plant-based-foods-and-beverages,pieza,0,12.9,9.03,95
7501013104066,Peach Juice,Jumex,beverages-and-beverages-preparations,pieza,0,18.0,12.6,20
7702035416155,Lubriderm protección solar fps15,Genérico,Abarrotes,pieza,0,25.0,17.5,10
0682430400119,0682430400119,Genérico,beverages-and-beverages-preparations,pieza,0,18.0,12.6,81
0016000198159,Cinnamon Toast Crunch,General Mills,Abarrotes,pieza,0,25.0,17.5,59
7502268541477,Bebida hidratante Sabor Naranja-Mandarina,Electrolife ZERO,Abarrotes,pieza,0,25.0,17.5,99
